"id","Created time","Name","Category","Last Updated","Source","Phone","Address","Sub-Category","Status","Hours","Pickup Offered","Delivery Offered","Notes","Latitude","Longitude","Email","Special Accommodation Hours"
3470,"2020-06-15T20:53:30.000Z","67 Orange Street","Restaurants/Bars","2020-05-20","Ayana H","212-662-2030","2082 Frederick Douglass Blvd New York, NY 10026 ","Restaurant/Bar","Open","Monday-Sunday 5-8pm
","Yes","Yes","punches and cocktail kits for delivery or pick-up
",40.802212,-73.956633,,
3471,"2020-06-15T20:53:30.000Z","9 Tails Coffee","Restaurants/Bars","2020-05-20","Ayana H",,"23 W 126th St New York, NY 10027 ","Restaurant/Bar","Open",,"Yes","No",,40.807677,-73.942711,,
3472,"2020-06-15T20:53:30.000Z","Accra Restaurant","Restaurants/Bars","2020-05-20","Ayana H","203-407-8000","2065 Adam Clayton Powell Jr Blvd New York, NY 10027 ","Restaurant/Bar","Open","Monday-Sunday 10am-8pm
","Yes","Yes","GRUBHUB, UBER EATS
",40.807646,-73.948864,,
3473,"2020-06-15T20:53:30.000Z","AFridayca Kine","Restaurants/Bars","2020-05-20","Ayana H","212-666-9400","2267 Adam Clayton Powell Jr Blvd New York, NY 10030 ","Restaurant/Bar","Open","Monday-Sunday 10am-10pm
","Yes","Yes","Grubhub, Doordash, Uber Eats
",40.81415,-73.944109,,
3474,"2020-06-15T20:53:30.000Z","Alison Restaurant","Restaurants/Bars","2020-05-20","Ayana H","646-876-1054","1651 Lexington Ave New York, NY 10029 ","Restaurant/Bar","Open","Monday- Sunday 4pm-9:30pm
","Yes","Yes","but now open! oRDER VIA PHONE AND CHECK INSTAGRAM FOR SPECIALS including buy two burgers and get a free bottle of wine
",40.790948,-73.946939,,
3475,"2020-06-15T20:53:30.000Z","Amor Cubano","Restaurants/Bars","2020-05-20","Ayana H","212-996-1220","2018 3rd Ave New York, NY 10029 ","Restaurant/Bar","Open","Saturday & Sunday 12pm -10 p.m., Monday- Friday 12pm -10 P.M.
","Yes","Yes","grubhub, postmates, delivery.com, ezcater
",40.794755,-73.942661,,
3476,"2020-06-15T20:53:30.000Z","Amy Ruth's","Restaurants/Bars","2020-05-20","Ayana H","212-280-8779","113 W 116th St New York, NY 10026 ","Restaurant/Bar","Open","Monday-Sunday 11am-9pm
","Yes","Yes","grubhub, doordash
",40.802494,-73.950048,,
3477,"2020-06-15T20:53:30.000Z","Anchor Wine Bar","Restaurants/Bars","2020-05-20","Ayana H","212-234-3048","3508 Broadway New York, NY 10031 `","Restaurant/Bar","Open","Monday-Sunday 4pm-9pm
","Yes","Yes","grubhub, postmates
",40.825271,-73.950886,,
3478,"2020-06-15T20:53:30.000Z","Archer and Goat","Restaurants/Bars","2020-05-20","Ayana H","917-261-6602","187 Malcolm X Blvd New York, NY 10026 ","Restaurant/Bar","Open","Monday-Sunday 5pm-8pm
","Yes","Yes","Yelp Deliver, cocktail kits that serve a party of four pre-batched for you to take home
",40.80434,-73.948417,,
3479,"2020-06-15T20:53:30.000Z","ArMondayie pizza bistro","Restaurants/Bars","2020-05-20","Ayana H","212-722-6400","1649 Park Ave New York, NY 10035 ","Restaurant/Bar","Open","Wednesday-Sunday 12pm-8 p.m
","Yes","No",,40.799729,-73.94261,,
3480,"2020-06-15T20:53:30.000Z","Au Jus Oklahoma BBQ","Restaurants/Bars","2020-05-20","Ayana H","212-360-7200","1569 Lexington Ave New York, NY 10029 ","Restaurant/Bar","Open","Monday-Sunday 12-9pm
","Yes","Yes","in house
",40.788582,-73.948637,,
3481,"2020-06-15T20:53:30.000Z","Babbalucci","Restaurants/Bars","2020-05-20","Ayana H","646-918-6572","331 Malcolm X Blvd New York, NY 10027 ","Restaurant/Bar","Open","Sunday-Thursday 4pm-10pm, Friday & Saturday 4pm-11pm
","No","Yes","In House, Grubhub 
",40.808945,-73.945051,,
3482,"2020-06-15T20:53:30.000Z","Baked Cravings","Restaurants/Bars","2020-05-20","Ayana H","646-590-3324","1673 Lexington Ave New York, NY 10029 ","Restaurant/Bar","Open",,"Yes","Yes","GRUBHUB, POSTMATES, doordash, sweetist
",40.7914,-73.946652,,
3483,"2020-06-15T20:53:30.000Z","Bangklyn","Restaurants/Bars","2020-05-20","Ayana H","646-429-8128","2051 2nd Ave New York, NY 10029 ","Restaurant/Bar","Open","Monday-Sunday 12pm-9pm
","Yes","Yes","GRUBHUB, POSTMATES, UBER EATS
",40.790288,-73.943046,,
3484,"2020-06-15T20:53:30.000Z","Bar 314","Restaurants/Bars","2020-05-20","Ayana H","646-682-7645","1260 Amsterdam Ave   New York, NY 10027 ","Restaurant/Bar","Open","Monday-Sunday 4pm-10pm
","Yes","Yes","grubhub, uber eats, slice, free bottle of wine with a $50 pick-up or take-out order; pick-up orders get 15% off
",40.81092,-73.958502,,
3485,"2020-06-15T20:53:30.000Z","Barawine","Restaurants/Bars","2020-05-20","Ayana H","646-756-4154","200 Malcolm X Blvd, NY 10027","Wine/Liquor Store","Open",,"Yes","Yes","grubhub, 
with 50 percent off wine list
",40.804529,-73.947381,,
3486,"2020-06-15T20:53:30.000Z","Barcha","Restaurants/Bars","2020-05-20","Ayana H","646-455-0046","2241 1st Avenue New York, NY 10029 ","Restaurant/Bar","Open","Monday- Sunday 1pm -7 p.m
","Yes","Yes","grubhub, ez cater; take-out orders over $65 receive a free quart of red or white sangria (while supplies last),
",40.795587,-73.936068,,
3487,"2020-06-15T20:53:30.000Z","Bardolino Pizza","Restaurants/Bars","2020-05-20","Ayana H","646-918-7455","1505 Lexington Ave New York, NY 10029 ","Restaurant/Bar","Open",,"Yes","Yes"," grubhub, delivery.com, slice
",40.786607,-73.950088,,
3488,"2020-06-15T20:53:30.000Z","Barepas","Restaurants/Bars","2020-05-20","Ayana H","646-410-0261","1792 Amsterdam Ave
New York, NY 10031
","Restaurant/Bar","Open","Friday-Sunday 2pm-8pm
","Yes","Yes","grubhub
",40.827715,-73.946167,,
3489,"2020-06-15T20:53:30.000Z","barwachi indian","Restaurants/Bars","2020-05-20","Ayana H","212-289-7700","1546 Madison Ave New York, NY 10029 ","Restaurant/Bar","Open","Monday- Saturday 12pm-8pm
","Yes","No","place order over phone
",40.792794,-73.950375,,
3490,"2020-06-15T20:53:30.000Z","Benyam Cuisine","Restaurants/Bars","2020-05-20","Ayana H","212-510-7353","2795 Frederick Douglass Blvd New York, NY 10039 ","Restaurant/Bar","Open","Thursday-Saturday 12pm-8pm, Sunday 12-7pm
","Yes","Yes","Grubhub, Uber Eats
",40.825222,-73.94055,,
3491,"2020-06-15T20:53:30.000Z","BERMUDEZ BAKERy","Restaurants/Bars","2020-05-20","Ayana H","212-427-2877,","1875 Lexington Ave New York, NY 10035 ","Restaurant/Bar","Open","Monday- Sunday 5 a.m.-5 p.m
","Yes","No",,40.79903,-73.941056,,
3492,"2020-06-15T20:53:30.000Z","Bistro Casa Azul","Restaurants/Bars","2020-05-20","Ayana H","917-805-0803","343 Pleasant Ave New York, NY 10035 ","Restaurant/Bar","Open","Monday- Sunday 10 a.m.-8 p.m
","Yes","Yes","in-house, PICK UP ANY ORDER FOR A SENIOR AND SAVE 10% ON THE WHOLE ORDER
",40.796607,-73.932342,,
3493,"2020-06-15T20:53:30.000Z","Blue Coco","Restaurants/Bars","2020-05-20","Ayana H","212-534-2626","153 E 106th St New York, NY 10029 ","Restaurant/Bar","Open","Monday- Friday 8:30am-4pm
","Yes","Yes","in-house, grubhub, postmates, delivery.com, uber eats
",40.792262,-73.945712,,
3494,"2020-06-15T20:53:30.000Z","Blvd Bistro","Restaurants/Bars","2020-05-20","Ayana H","212-678-6200","2149 Frederick Douglass Blvd New York, NY 10026 ","Restaurant/Bar","Open","Saturday-Sunday 10am-6pm
","Yes","Yes","Seamless, Uber Eats, 20% discount on all pick-up orders
",40.804386,-73.95581,,
3495,"2020-06-15T20:53:30.000Z","Bo's Bagel","Restaurants/Bars","2020-05-20","Ayana H","917-902-8345","235 W 116th St New York, NY 10026 ","Restaurant/Bar","Open","Monday-Sunday 9am-3pm
","Yes","Yes","in house,  delivery zone increased to 96th-136th streets, hudson river to second avenue
",40.804148,-73.954096,,
3496,"2020-06-15T20:53:30.000Z","Bono Trattoria","Restaurants/Bars","2020-05-20","Ayana H","64-668-2949","3658 Broadway New York, NY 10031 ","Restaurant/Bar","Open","Monday-Sunday 1pm-9pm
","Yes","Yes","IN-HOUSE, CHECK OUT THEIR WEEKEND DINNER SPECIALS FOR TWO
",40.830223,-73.946964,,
3497,"2020-06-15T20:53:30.000Z","Branson's Got Juice","Restaurants/Bars","2020-05-20","Ayana H","212-283-2700","741 St Nicholas Ave New York, NY 10031 ","Restaurant/Bar","Open",,,,,40.825558,-73.943898,,
3498,"2020-06-15T20:53:30.000Z","Break Juicery","Restaurants/Bars","2020-05-20","Ayana H","646-892-3034","132 Edgecombe Ave New York, NY 10030 ","Restaurant/Bar","Open",,"Yes","Yes","Grubhub
",40.820986,-73.944733,,
3499,"2020-06-15T20:53:30.000Z","Buddha Taco Bar","Restaurants/Bars","2020-05-20","Ayana H","646-478-8086","3628 Broadway New York, NY 10031 ","Restaurant/Bar","Open","Monday-Sunday 12pm-7pm
","Yes","Yes","uber eats, postmates, doordash
",40.829106,-73.948084,,
3500,"2020-06-15T20:53:30.000Z","Burritos y Mas","Restaurants/Bars","2020-05-20","Ayana H","646-918-7478","1571 Lexington Ave New York, NY 10029 ","Restaurant/Bar","Open","Monday- Sunday 11am-10pm
","Yes","Yes","in-house, grubhub, uber eats, 10% off first orders placed on their website
",40.788701,-73.948549,,
3501,"2020-06-15T20:53:30.000Z","Cafe Amrita","Restaurants/Bars","2020-05-20","Ayana H","212-222-0683","301 W 110th St New York, NY 10026 ","Restaurant/Bar","Open","Monday-Sunday 8am-3:30pm
","Yes","No",,40.801113,-73.958222,,
3502,"2020-06-15T20:53:30.000Z","Café Ollin ","Restaurants/Bars","2020-05-20","Ayana H","212-828-3644","339 E 108th St New York, NY 10029 ","Restaurant/Bar","Open",,,,"grubhub,
",40.791193,-73.939396,,
3503,"2020-06-15T20:53:30.000Z","Cafeine","Restaurants/Bars","2020-05-20","Ayana H","646-370-6353","2124 Frederick Douglass Blvd New York, NY 10026 ","Restaurant/Bar","Open","Saturday-Sunday 8am-4pm
","Yes","No",,40.80344,-73.955744,,
3504,"2020-06-15T20:53:30.000Z","Cake Burgers","Restaurants/Bars","2020-05-20","Ayana H","646-799-9507","400 E 120th St New York, NY 10035 ","Restaurant/Bar","Open","Monday-Friday 10 a.m.-8 p.m., Saturday11 a.m.-8 p.m.
","Yes","Yes","grubhub, knock on the door if it is closed! they are in there
",40.798335,-73.933297,,
3505,"2020-06-15T20:53:30.000Z","Cantina Central Harlem","Restaurants/Bars","2020-05-20","Ayana H","833-NY-Tacos","329 Malcolm X Blvd New York, NY 10027 ","Restaurant/Bar","Open","Monday-Sunday 3pm-10pm
","Yes","Yes","Seamless, Uber Eats
",40.808945,-73.945051,,
3506,"2020-06-15T20:53:30.000Z","Cantina Central Park North","Restaurants/Bars","2020-05-20","Ayana H","833-ny-tacos","1838 Adam Clayton Powell Jr Blvd New York, NY 10026 ","Restaurant/Bar","Open","Monday-Sunday 3pm-10pm
","Yes","Yes","seamless
",40.80038,-73.955061,,
3507,"2020-06-15T20:53:30.000Z","capri bakery","Restaurants/Bars","2020-05-20","Ayana H","212-410-1876,","186 E 116th St New York, NY 10029 ","Restaurant/Bar","Open","Monday-Sunday 7 a.m.-8 p.m
","Yes","No","in-house, grubhub, delivery.com, uber eats, every order gets a free canned soda
",40.797908,-73.940399,,
3508,"2020-06-15T20:53:30.000Z","Cascalote Latin Bistro","Restaurants/Bars","2020-05-20","Ayana H","646-351-6574,","2126 2nd Ave New York, NY 10029 ","Restaurant/Bar","Open","Thursday 4pm-9pm, Friday-Saturday 2pm-9pm, Sunday 2pm-8pm
","Yes","Yes","order on the restaurant website with code fcovid19 and get 10% off all orders included alcohol
",40.792681,-73.940623,,
3509,"2020-06-15T20:53:30.000Z","Champignon Cafe","Restaurants/Bars","2020-05-20","Ayana H","212-987-1700","1389 Madison Ave New York, NY 10029 ","Restaurant/Bar","Open","Monday- Friday 7am-9pm, Saturday-Sunday 7am-7pm
","Yes","Yes","In house
",40.787337,-73.953721,,
3510,"2020-06-15T20:53:30.000Z","Charles PanFridayed Chicken","Restaurants/Bars","2020-05-20","Ayana H","212-281-1800","2461 Frederick Douglass Blvd New York, NY 10027 ","Restaurant/Bar","Open","Monday-Saturday 10am-1am, Sunday 12pm-6pm
","Yes","Yes","doordash
",40.814599,-73.948276,,
3511,"2020-06-15T20:53:30.000Z","charlie’s place sushi ","Restaurants/Bars","2020-05-20","Ayana H","212-410-0277","1960 Madison Ave New York, NY 10035 ","Restaurant/Bar","Open","Monday-Friday  11 a.m.-7:30 p.m., Saturday 11 a.m.-7 p.m.
","Yes","Yes","in-house, doordash
",40.806204,-73.940582,,
3512,"2020-06-15T20:53:30.000Z","Chez Alain","Restaurants/Bars","2020-05-20","Ayana H","212-678-7600","2046 Adam Clayton Powell Jr Blvd   New York, NY 10027 ","Restaurant/Bar","Open","Tuesday-Sunday 12pm-11pm
","Yes","Yes","in house 
",40.807424,-73.9499,,
3513,"2020-06-15T20:53:30.000Z","Chocolat","Restaurants/Bars","2020-05-20","Ayana H","212-222-4545","2223 Frederick Douglass Blvd   New York, NY 10026 ","Restaurant/Bar","Open","Monday-Sunday 12pm-8pm
","Yes","Yes","grubhub, postmates, doordash, 20% off on phone orders & walk-ins
",40.806799,-73.95394,,
3514,"2020-06-15T20:53:30.000Z","Chu Ros Thai","Restaurants/Bars","2020-05-20","Ayana H","917-265-8432","1590 Lexington Ave New York, NY 10029 ","Restaurant/Bar","Open",,"Yes","Yes","in-house, GRUBHUB, POSTMATES, uber eats, caviar, ez cater
",40.789283,-73.948734,,
3515,"2020-06-15T20:53:30.000Z","Clay","Restaurants/Bars","2020-05-20","Ayana H","212-729-1850","553 Manhattan Ave, New York, NY 10027","Restaurant/Bar","Open","Monday-Sunday 10am-8pm
","Yes","Yes","in house 
",40.809469,-73.953883,,
3516,"2020-06-15T20:53:30.000Z","Clove Indian","Restaurants/Bars","2020-05-20","Ayana H","646-918-6644","1592 Amsterdam Ave New York, NY 10031 ","Restaurant/Bar","Open","Monday-Sunday 11am-10:30pm
","Yes","Yes","in house
",40.821318,-73.950854,,
3517,"2020-06-15T20:53:30.000Z","ComMonday Good","Restaurants/Bars","2020-05-20","Ayana H","917-261-6996","2801 Frederick Douglass Blvd New York, NY 10039 ","Restaurant/Bar","Open","Monday- Sunday 9am-3pm
","Yes","No",,40.82541,-73.940435,,
3518,"2020-06-15T20:53:30.000Z","Corner Social","Restaurants/Bars","2020-05-20","Ayana H","212-510-8552","321 Malcolm X Blvd New York, NY 10027 ","Restaurant/Bar","Open","Monday-Sunday 2pm-10pm
","Yes","No",,40.808732,-73.945278,,
3519,"2020-06-15T20:53:30.000Z","Crepe Master","Restaurants/Bars","2020-05-20","Ayana H","646-559-9224","139 W 116th St New York, NY 10026 ","Restaurant/Bar","Open","Sunday-Tuesday 11am-6pm, Wednesday-Friday 11am-8pm, Saturday 10am-9pm
","Yes","Yes","GRUBHUB, POSTMATES, UBER EATS
",40.802954,-73.951265,,
3520,"2020-06-15T20:53:30.000Z","cuchiFridaytos","Restaurants/Bars","2020-05-20","Ayana H","212-876-4846","168 E 116th St
New York, NY 10029
","Restaurant/Bar","Open","Wednesday - Monday 11 a.m.-7 p.m
","Yes","No",,40.798045,-73.940997,,
3521,"2020-06-15T20:53:30.000Z","Dear Mama Coffee","Restaurants/Bars","2020-05-20","Ayana H","929-279-2225","308 E 109th St New York, NY 10029 ","Restaurant/Bar","Open","Monday - Sunday 7am-7pm
","Yes","Yes","in house, now offering the dear mama market selling grocery staples such as eggs, milk, fruit, pasta, alcohol, toilet paper, masks & gloves, plus order-ahead roast chickens and chocolate-chip cookie dough; also sponsoring a buy-a-meal-for-a-neighbor where you can donate a meal for a neighbor in need or coffee for a frontline worker
",40.792214,-73.940676,,
3522,"2020-06-15T20:53:30.000Z","Dear Mama Coffee","Restaurants/Bars","2020-05-20","Ayana H",,"611 W 129th St New York, NY 10027 ","Restaurant/Bar","Open","Monday-Friday 8am-7pm, Saturday & Sunday 10am-7pm
","Yes","Yes","in-house, grubhub, postmates, doordash, uber eats; sponsoring a buy-a-meal-for-a-neighbor where you can donate a meal for a neighbor in need or coffee for a frontline worker, plus now offering the dear mama market selling grocery staples such as eggs, milk, fruit, pasta, alcohol, toilet paper, masks & gloves
",40.816993,-73.958486,,
3523,"2020-06-15T20:53:30.000Z","Dinosaur BBQ","Restaurants/Bars","2020-05-20","Ayana H","212-694-1777","700 W 125th St New York, NY 10027 ","Restaurant/Bar","Open","Monday-Sunday 11am-9pm
","Yes","Yes","doordash
",40.818002,-73.960985,,
3524,"2020-06-15T20:53:30.000Z","Double Dutch Espresso","Restaurants/Bars","2020-05-20","Ayana H","646-429-8834","2194 Frederick Douglass Blvd New York, NY 10026 ","Restaurant/Bar","Open","Monday-Sunday 8am-4pm
","Yes","Yes","postmates
",40.80584,-73.953997,,
3525,"2020-06-15T20:53:30.000Z","Dulceria","Restaurants/Bars","2020-05-20","Ayana H","646-590-0466","2200 Frederick Douglass Blvd New York, NY 10026 ","Restaurant/Bar","Open","Monday-Friday 8am-7pm, Saturday 9am-7pm, Sunday 9am-6pm
","Yes","Yes","grubhub
",40.806022,-73.953866,,
3526,"2020-06-15T20:53:30.000Z","Earl's Beer and Cheese","Restaurants/Bars","2020-05-20","Ayana H","212-289-1581","1259 Park Ave New York, NY 10029 ","Restaurant/Bar","Open","Tuesday-Thursday 3pm-8pm, Friday 3pm-9pm, Saturday 12pm-4pm
","Yes","Yes","POSTMATES, open for all beer and wine to go
",40.787306,-73.951561,,
3527,"2020-06-15T20:53:30.000Z","East Harlem Bottling Co","Restaurants/Bars","2020-05-20","Ayana H","212-534-2626","153 E 106th St New York, NY 10029 ","Restaurant/Bar","Open","Monday-Friday 8:30am-4pm
","Yes","Yes","in-house
",40.792262,-73.945712,,
3528,"2020-06-15T20:53:30.000Z","EL BARRISTA CAFÉ","Restaurants/Bars","2020-05-20","Ayana H","718-413-0191","2154 3rd Ave New York, NY 10035 ","Restaurant/Bar","Open","Monday-Sunday 7:30 a.m.-3 p.m
","Yes","Yes",,40.799166,-73.939544,,
3529,"2020-06-15T20:53:30.000Z","EL KALLEJOn","Restaurants/Bars","2020-05-20","Ayana H","646-649-4795","209 E 117th St New York, NY 10035 ","Restaurant/Bar","Open","Tuesday - Sunday 1pm-8 p.m
","Yes","No",,40.798501,-73.93883,,
3530,"2020-06-15T20:53:30.000Z","EL NUEVO CARIDAD","Restaurants/Bars","2020-05-20","Ayana H","212-860-8187","2257 2nd Ave New York, NY 10029 ","Restaurant/Bar","Open",,,,"grubhub
",40.796909,-73.938154,,
3531,"2020-06-15T20:53:30.000Z","El Paso CAFE","Restaurants/Bars","2020-05-20","Ayana H","917-472-7289","1642 Lexington Ave New York, NY 10029 ","Restaurant/Bar","Open","Monday-Saturday 11am-10:30pm
","Yes","Yes","Call First on Sundays, GRUBHUB
",40.790909,-73.947499,,
3532,"2020-06-15T20:53:30.000Z","EL TAPATIO","Restaurants/Bars","2020-05-20","Ayana H","212-876-3055","209 E 116th St New York, NY 10029 ","Restaurant/Bar","Open","Monday- Sunday 11 a.m.-11 p.m
","Yes","Yes","hours change daily, but generally daily 11 a.m.-11 p.m.
",40.797879,-73.939201,,
3533,"2020-06-15T20:53:30.000Z","El Tepeyac","Restaurants/Bars","2020-05-20","Ayana H","212-987-8364","1621 Lexington Ave New York, NY 10029 ","Restaurant/Bar","Open","Monday- Sunday 8am-1am
","Yes","Yes","in house, grubhub, doordash
",40.789737,-73.947864,,
3534,"2020-06-15T20:53:30.000Z","El Tepeyac","Restaurants/Bars","2020-05-20","Ayana H","212-987-8364","1621 Lexington Ave New York, NY 10029 ","Restaurant/Bar","Open","Monday-Sunday 12:30pm-11:30pm
","Yes","Yes","in house, grubhub, doordash
",40.789737,-73.947864,,
3535,"2020-06-15T20:53:30.000Z","Evelyn's Kitchen","Restaurants/Bars","2020-05-20","Ayana H","646-476-7906","2317 1st Avenue New York, NY 10035 ","Restaurant/Bar","Open","Tuesday - Friday 2pm-9 p.m.
","Yes","Yes","grubhub, doordash, ubereats
",40.797776,-73.934491,,
3536,"2020-06-15T20:53:30.000Z","Famous Fish Market","Restaurants/Bars","2020-05-20","Ayana H","212-491-8323","684 St Nicholas Ave New York, NY 10030 ","Restaurant/Bar","Open","Monday-Thursday 11am-11pm, Friday-Saturday 11am-midnight
","Yes","No",,40.823523,-73.944767,,
3537,"2020-06-15T20:53:30.000Z","Fieldtrip Harlem","Restaurants/Bars","2020-05-20","Ayana H","917-639-3919","109 Malcolm X Blvd New York, NY 10026 ","Restaurant/Bar","Open","Monday-Saturday 11am-9pm
","Yes","Yes","in house, grubhub
",40.801602,-73.950415,,
3538,"2020-06-15T20:53:30.000Z","Floridita","Restaurants/Bars","2020-05-20","Ayana H","212-662-0090","2276 12th Ave New York, NY 10027 ","Restaurant/Bar","Open","Monday-Friday 11am-9pm
","Yes","Yes","grubhub,  postmates, delivery.com
",40.818002,-73.960985,,
3539,"2020-06-15T20:53:30.000Z","Frenchy Coffee","Restaurants/Bars","2020-05-20","Ayana H","646-891-0088","129 E 102nd St New York, NY 10029 ","Restaurant/Bar","Open","Monday-Friday 8am-1pm
","Yes","Yes","grubhub, postmates, uber eats
",40.789955,-73.948189,,
3540,"2020-06-15T20:53:30.000Z","Fruces Juice Bar","Restaurants/Bars","2020-05-20","Ayana H","646-861-3279","1496 Amsterdam Ave New York, NY 10031 ","Restaurant/Bar","Open","Monday-Friday 8am-5pm
","Yes","Yes","IN-HOUSE, GRUBHUB, UBER EATS, POSTMATES, DOORDASH, DELIVERY.COM, buy-one, get-one-free drinks
",40.81824,-73.953098,,
3541,"2020-06-15T20:53:30.000Z","Fumo Harlem","Restaurants/Bars","2020-05-20","Ayana H","646-692-6675","1600 Amsterdam Ave New York, NY 10031 ","Restaurant/Bar","Open",,"Yes","Yes","IN-house, grubhub, order delivery direct from the website and get 10% off, drop by for  pick-up and get 15% off
",40.821438,-73.950724,,
3542,"2020-06-15T20:53:30.000Z","G&J's Pizzeria","Restaurants/Bars","2020-05-20","Ayana H","212-369-4800","188 E 104th St New York, NY 10029 ","Restaurant/Bar","Open","Monday-Thursday 11am-9pm, Friday-Sunday 11am-10pm
","Yes","Yes","grubhub, slice, offering heart-shaped pizzas, plus kits of ingredients so you can make pizza at home
",40.790284,-73.945986,,
3543,"2020-06-15T20:53:30.000Z","Gaudir","Restaurants/Bars","2020-05-20","Ayana H","347-845-9443","251 E 110th St New York, NY 10029 ","Restaurant/Bar","Open","Tuesday - Saturday 12pm-6 p.m.
","Yes","Yes","Ubereats
",40.79359,-73.940923,,
3544,"2020-06-15T20:53:30.000Z","Go Go Cury","Restaurants/Bars","2020-05-20","Ayana H","646-833-7143","567 W 125th St New York, NY 10027 ","Restaurant/Bar","Open","Monday-Friday 11am-8pm, Saturday & Sunday 12pm-8pm
","Yes","Yes","in-house, grubhub, doordash, postmates, uber eats, allset
",40.815535,-73.957794,,
3545,"2020-06-15T20:53:30.000Z","Guajillo Mexican Kitchen","Restaurants/Bars","2020-05-20","Ayana H","646-912-9971","2277 1st Avenue New York, NY 10035 ","Restaurant/Bar","Open",,"Yes","Yes","Grubhub
",40.796914,-73.935154,,
3546,"2020-06-15T20:53:30.000Z","Harlem Ale House","Restaurants/Bars","2020-05-20","Ayana H","646-692-8412","101 W 127th St New York, NY 10027 ","Restaurant/Bar","Open","Saturday 5-10pm
","Yes","Yes","Grubhub, Uber Eats
",40.809334,-73.944863,,
3547,"2020-06-15T20:53:30.000Z","Harlem Blues Cafe","Restaurants/Bars","2020-05-20","Ayana H","917-675-7258","2144 5th Ave New York, NY 10037 ","Restaurant/Bar","Open",,"Yes","Yes","grubhub, doordash
",40.81052,-73.939574,,
3548,"2020-06-15T20:53:30.000Z","Harlem Burger Co","Restaurants/Bars","2020-05-20","Ayana H","212-222-9899","2190 Frederick Douglass Blvd New York, NY 10026 ","Restaurant/Bar","Open","Monday-Sunday 12pm-11pm
","Yes","Yes","in house, grubhub, postmates
",40.805712,-73.954062,,
3549,"2020-06-15T20:53:30.000Z","Harlem Chocolate Factory","Restaurants/Bars","2020-05-20","Ayana H",,"2363 Adam Clayton Powell Jr Blvd New York, NY 10030 ","Restaurant/Bar","Open",,,,"for pick-ups in store! You MUST order online and select in-store pick up or you will be charged for shipping
",40.817323,-73.941691,,
3550,"2020-06-15T20:53:30.000Z","Harlem Food Bar","Restaurants/Bars","2020-05-20","Ayana H","212-222-9570","2100 Frederick Douglass Blvd New York, NY 10026 ","Restaurant/Bar","Open","Monday-Sunday 3pm-8pm
","Yes","No",,40.802746,-73.956191,,
3551,"2020-06-15T20:53:30.000Z","Harlem Hookah","Restaurants/Bars","2020-05-20","Ayana H","646-912-9905","381 Malcolm X Blvd New York, NY 10027 ","Restaurant/Bar","Open","Monday-Sunday 4pm-2am
","Yes","Yes",": grubhub, doordash, postmates, uber eats, check out @harlemhookah via soundcloud for their exclusive mixes by d.j. exeqtiv
",40.810658,-73.943844,,
3552,"2020-06-15T20:53:30.000Z","Harlem Hops","Restaurants/Bars","2020-05-20","Ayana H","646-998-3444","2268 Adam Clayton Powell Jr Blvd New York, NY 10030 ","Restaurant/Bar","Open","Monday-Sunday 2pm-8pm
","Yes","Yes","In house
",40.814441,-73.944777,,
3553,"2020-06-15T20:53:30.000Z","Harlem Pizza Co","Restaurants/Bars","2020-05-20","Ayana H","212-222-9889","135 W 116th St New York, NY 10026 ","Restaurant/Bar","Open",,"Yes","Yes","
grubhub, chownow, postmates
",40.802879,-73.951084,,
3554,"2020-06-15T20:53:30.000Z","Harlem Public","Restaurants/Bars","2020-05-20","Ayana H",,"3612 Broadway New York, NY 10031 ","Restaurant/Bar","Open","Monday-Friday 11am-10pm, Weekends 11am-10pm
","Yes","Yes","in house
",40.828657,-73.948229,,
3555,"2020-06-15T20:53:30.000Z","Harlem Shake","Restaurants/Bars","2020-05-20","Ayana H","212-222-8300","100 W 124th St New York, NY 10027 ","Restaurant/Bar","Open","Sunday-Thusday 11am-11pm, Friday-Saturday 11am-2am
","Yes","Yes","in-house, grubhub, uber eats, postmates, Delivery.com; Use code TENOFF on website to receive 10% discount
",40.807114,-73.946426,,
3556,"2020-06-15T20:53:30.000Z","Harlem Tavern","Restaurants/Bars","2020-05-20","Ayana H","212-866-4500","2153 Frederick Douglass Blvd New York, NY 10026 ","Restaurant/Bar","Open","Monday-Sunday 12pm-8pm
","Yes","No",,40.804789,-73.955591,,
3557,"2020-06-15T20:53:30.000Z","Harlem Wine Gallery","Restaurants/Bars","2020-05-20","Ayana H","646-912-9365","2067 Adam Clayton Powell Jr Blvd New York, NY 10027 ","Wine/Liquor Store","Open","Monday&Tuesday 3pm-8pm, Wednesday-Sunday 12pm-8pm
","Yes","Yes","delivery ($35 minimum) Wednesday-Sunday 3-7 p.m.: Order online or on the harlem wine gallery app
",40.807776,-73.948725,,
3558,"2020-06-15T20:53:30.000Z","Hexagon Lounge","Restaurants/Bars","2020-05-20","Ayana H","646-838-6500","318 W 142nd St New York, NY 10030 ","Restaurant/Bar","Open","Monday-Sunday 11:30am-8pm
","Yes","Yes","Grubhub, uber eats
",40.821269,-73.944468,,
3559,"2020-06-15T20:53:30.000Z","Hoghead Tavern","Restaurants/Bars","2020-05-20","Ayana H",,"126 Hamilton Pl New York, NY 10031 ","Restaurant/Bar","Open","Monday-Sunday 2pm-10pm
","Yes","Yes","grubhub, special growler hours Thurs-Sunday 4-7 p.m.
",40.824058,-73.949353,,
3560,"2020-06-15T20:53:30.000Z","Home Sweet Harlem","Restaurants/Bars","2020-05-20","Ayana H","212-926-9616","1528 Amsterdam Ave New York, NY 10031 ","Restaurant/Bar","Open","Tuesday 9am-6pm, Wednesday-Sunday 9am-10-pm
","Yes","Yes","grubhub
",40.819378,-73.952219,,
3561,"2020-06-15T20:53:30.000Z","Hot Jalapeno","Restaurants/Bars","2020-05-20","Ayana H","646-351-6895","219 E 116th St New York, NY 10029 ","Restaurant/Bar","Open","Wednesday-Sunday 11:30 a.m.-7:30 p.m
","Yes","Yes","10% off cash sales
",40.797779,-73.938988,,
3562,"2020-06-15T20:53:30.000Z","Il Cafe Latte","Restaurants/Bars","2020-05-20","Ayana H","212-222-2241","189 Malcolm X Blvd New York, NY 10026 ","Restaurant/Bar","Open","Monday-Sunday 8am-9pm
","Yes","Yes","DOORDASH, 10% off purchases over $30
",40.804398,-73.948416,,
3563,"2020-06-15T20:53:30.000Z","Indian Summer","Restaurants/Bars","2020-05-20","Ayana H","646-952-0300","239 Malcolm X Blvd   New York, NY 10027 ","Restaurant/Bar","Open","Tuesday 5pm-10pm, Wednesday-Sunday 11:30am-2:30pm & 5pm-9:30pm
","Yes","Yes","Grubhub, Postmates
",40.805897,-73.947318,,
3564,"2020-06-15T20:53:30.000Z","Island Bites Caribbean","Restaurants/Bars","2020-05-20","Ayana H","646-850-8855","2107 1st Avenue New York, NY 10029 ","Restaurant/Bar","Open","Tuesday-Saturday 11:30am-8pm, Sunday 11:30am-7pm
","Yes","Yes","grubhub, postmates, uber eats
",40.791193,-73.939396,,
3565,"2020-06-15T20:53:30.000Z","Jacob's Soul Food","Restaurants/Bars","2020-05-20","Ayana H","212-283-3663","2695 Frederick Douglass Blvd New York, NY 10030 ","Restaurant/Bar","Open","Monday-Sunday 10am-10pm
","Yes","No",,40.821754,-73.943054,,
3566,"2020-06-15T20:53:30.000Z","Jacob's Soul Food","Restaurants/Bars","2020-05-20","Ayana H","212-866-3663","373 Malcolm X Blvd New York, NY 10027 ","Restaurant/Bar","Open","Monday-Sunday 10am-10pm
","Yes","No",,40.810309,-73.944016,,
3567,"2020-06-15T20:53:30.000Z","Jaguar Restaurant","Restaurants/Bars","2020-05-20","Ayana H","212-423-9096","1735 Lexington Ave New York, NY 10029 ","Restaurant/Bar","Open","Monday-Sunday 10am-8pm
","Yes","Yes","grubhub
",40.793549,-73.94504,,
3568,"2020-06-15T20:53:30.000Z","Jin Ramen","Restaurants/Bars","2020-05-20","Ayana H","646-559-2862","3183 Broadway New York, NY 10027 ","Restaurant/Bar","Open","Monday-Sunday 11am-3:30PM, 5PM-10PM
","Yes","Yes","in-house, grubhub, doordash, get 10 percent off in-house orders with the code supportjin
",40.815486,-73.959056,,
3569,"2020-06-15T20:53:30.000Z","Joy Burger Bar","Restaurants/Bars","2020-05-20","Ayana H","212-289-6222","1567 Lexington Ave New York, NY 10029 ","Restaurant/Bar","Open","Monday-Sunday 11am-10pm
","Yes","Yes","in-house, GRUBHUB, new in-house delivery zone from 79th to 116th streets, fifth avenue to the fdr
",40.788454,-73.948722,,
3570,"2020-06-15T20:53:30.000Z","L.A. Sweets","Restaurants/Bars","2020-05-20","Ayana H","646-964-5855","192 Malcolm X Blvd New York, NY 10026 ","Restaurant/Bar","Open",,"Yes","Yes","grubhub, uber eats, postmates
",40.804213,-73.947621,,
3571,"2020-06-15T20:53:30.000Z","La Avenida","Restaurants/Bars","2020-05-20","Ayana H","212-828-2247","2247 1st Avenue New York, NY 10029 ","Restaurant/Bar","Open","Tuesday - Saturday
","Yes","No",,40.795731,-73.935963,,
3572,"2020-06-15T20:53:30.000Z","La Chula","Restaurants/Bars","2020-05-20","Ayana H","646-590-3975","137 E 116th St New York, NY 10029 ","Restaurant/Bar","Open","Wednesday - Sunday 12pm-8 p.m
","Yes","Yes","grubhub, caviar,
",40.79893,-73.941601,,
3573,"2020-06-15T20:53:30.000Z","La Fonda Boricua","Restaurants/Bars","2020-05-20","Ayana H","212-410-7292","169 E 106th St New York, NY 10029 ","Restaurant/Bar","Open",,"Yes","Yes","so call to order: GRUBHUB, uber eats
",40.791958,-73.94499,,
3574,"2020-06-15T20:53:30.000Z","La Lechonera","Restaurants/Bars","2020-05-20","Ayana H","212-996-1972","256 E 125th St New York, NY 10035 ","Restaurant/Bar","Open","Monday- Sunday 7am-7pm
","Yes","Yes","uber eats
",40.802697,-73.934096,,
3575,"2020-06-15T20:53:30.000Z","La Nostra Pizzeria","Restaurants/Bars","2020-05-20","Ayana H","212-360-7453","2146 2nd Ave New York, NY 10029 ","Restaurant/Bar","Open","Monday-Sunday 10 a.m.-9 p.m
","Yes","Yes"," grubhub, postmates
",40.793155,-73.940173,,
3576,"2020-06-15T20:53:30.000Z","La Savane","Restaurants/Bars","2020-05-20","Ayana H","646-490-4644","239 W 116th St New York, NY 10026 ","Restaurant/Bar","Open","Monday-Sunday 1pm-9pm
","Yes","Yes","Ubereats
",40.804201,-73.954223,,
3577,"2020-06-15T20:53:30.000Z","La Tropezienne Bakery","Restaurants/Bars","2020-05-20","Ayana H","212-860-5324","2131 1st Avenue New York, NY 10029 ","Restaurant/Bar","Open","Monday-Sunday 11am-7pm
","Yes","No",,40.792061,-73.938593,,
3578,"2020-06-15T20:53:30.000Z","Las Delicias Mexicanas","Restaurants/Bars","2020-05-20","Ayana H","212-828-3659","2109 3rd Ave New York, NY 10029 ","Restaurant/Bar","Open","Monday-Sunday 11 a.m.-8 p.m
","Yes","Yes","in-house, grubhub, doordash, postmates
",40.797363,-73.940127,,
3579,"2020-06-15T20:53:30.000Z","Le Baobab","Restaurants/Bars","2020-05-20","Ayana H","212-864-4700","120 W 116th St New York, NY 10026 ","Restaurant/Bar","Open","Monday-Sunday 1pm-10pm
","Yes","Yes","ubereats
",40.802335,-73.951183,,
3580,"2020-06-15T20:53:30.000Z","Lee Lee's Bakery","Restaurants/Bars","2020-05-20","Ayana H","917-493-6633","283 W 118th St New York, NY 10026 ","Restaurant/Bar","Open","Monday-Saturday 1pm-6pm
","Yes","Yes","grubhub
",40.805712,-73.954062,,
3581,"2020-06-15T20:53:30.000Z","Lenox Coffee","Restaurants/Bars","2020-05-20","Ayana H","646-833-7839","60 W 129th St New York, NY 10027 ","Restaurant/Bar","Open","Monday-Sunday 9am-2pm
","Yes","No","check their instagram for Mondayday-night zoom open mic
",40.809964,-73.943208,,
3582,"2020-06-15T20:53:30.000Z","Lenox Saphire","Restaurants/Bars","2020-05-20","Ayana H","212-866-9700","341 Malcolm X Blvd New York, NY 10027 ","Restaurant/Bar","Open",,"Yes","Yes","Grubhub, Uber Eats
",40.809379,-73.94483,,
3583,"2020-06-15T20:53:30.000Z","Levain Bakey Harlem","Restaurants/Bars","2020-05-20","Ayana H","917-464-3789","2167 Frederick Douglass Blvd New York, NY 1002","Restaurant/Bar","Open","Monday- Saturday 8am-7pm, Sunday 8am-9pm, Sunday 8am-9pm
","Yes","Yes","
CAVIAR OR YOU CAN ALSO GET THEM SHIPPED
",40.805129,-73.95539,,
3584,"2020-06-15T20:53:30.000Z","Lexington Pizza Parlour & Harlem Baking Co","Restaurants/Bars","2020-05-20","Ayana H",,"1590 Lexington Ave New York, NY 10029 ","Restaurant/Bar","Open",,"Yes","Yes","in-house, GRUBHUB, uber eats, delivery.com, slice, 15% off first order placed via restaurant website
",40.789283,-73.948734,,
3585,"2020-06-15T20:53:30.000Z","Lighthout Fish Market","Restaurants/Bars","2020-05-20","Ayana H","212-203-2241","2451 Frederick Douglass Blvd New York, NY 10027 ","Restaurant/Bar","Open",,"Yes","No","accepting walk-in orders only (no phone orders)
",40.814307,-73.948507,,
3586,"2020-06-15T20:53:30.000Z","Lloyd's Carrot Cake & Joosed by Lloyd's","Restaurants/Bars","2020-05-20","Ayana H",,"1553 Lexington Ave New York, NY 10029 ","Restaurant/Bar","Open","Monday- Friday 9am-5pm, Saturday-Sunday 10am-4pm
","Yes","No",,40.787867,-73.949174,,
3587,"2020-06-15T20:53:30.000Z","Lolo's Seafood Shack","Restaurants/Bars","2020-05-20","Ayana H","646-649-3356","303 W 116th St New York, NY 10026 ","Restaurant/Bar","Open","Tuesday-Thursdau 12pm-10pm, Friday-Saturday 12om-10:30pm, Sunday 12-9pm
","Yes","Yes","Grubhub, Seamless, Postmates, Delivery.com, Uber Eats
",40.804817,-73.955695,,
3588,"2020-06-15T20:53:30.000Z","Love Cafe","Restaurants/Bars","2020-05-20","Ayana H","212-369-6916","283 Pleasant Ave New York, NY 10029 ","Restaurant/Bar","Open","Monday - Friday 7 a.m.- 3:30 p.m., Saturday 7:30 a.m.-2:30 p.m.:
","Yes","Yes","Uber eats
",40.794607,-73.933801,,
3589,"2020-06-15T20:53:30.000Z","Lulu & Teddy's Cafe/Bar","Restaurants/Bars","2020-05-20","Ayana H","917-261-5615","2171 2nd Ave New York, NY 10029 ","Restaurant/Bar","Open","Monday - Friday  12pm- 8 P.M
","Yes","Yes","IN-HOUSE, GRUBHUB
",40.794297,-73.940173,,
3590,"2020-06-15T20:53:30.000Z","Lyn-Genet's Kitchen","Restaurants/Bars","2020-05-20","Ayana H","646-590-0554","3473 Broadway New York, NY 10031 ","Restaurant/Bar","Open","Wednesday & Sundays 4pm-7pm
","Yes","Yes","in house
",40.824477,-73.95236,,
3591,"2020-06-15T20:53:30.000Z","Made in Mexico","Restaurants/Bars","2020-05-20","Ayana H","917-265-8408","2161 2nd Ave New York, NY 10029 ","Restaurant/Bar","Open","Monday- Sunday  1pm -9 P.M
","Yes","Yes","GRUBHUB, uber eats, postmates,
",40.794031,-73.940304,,
3592,"2020-06-15T20:53:30.000Z","Maison Harlem","Restaurants/Bars","2020-05-20","Ayana H","212-222-9224","341 St Nicholas Ave New York, NY 10027 ","Restaurant/Bar","Open",,"Yes","Yes","in house
",40.812355,-73.951579,,
3593,"2020-06-15T20:53:30.000Z","Makana Hawaiian Eatery","Restaurants/Bars","2020-05-20","Ayana H","212-368-5033","1502 Amsterdam Ave New York, NY 10031 ","Restaurant/Bar","Open","Monday-Saturday 11am-9pm, Sunday 12pm-9pm
","Yes","Yes","in house, grubhub
",40.818468,-73.952914,,
3594,"2020-06-15T20:53:30.000Z","Make My Cake","Restaurants/Bars","2020-05-20","Ayana H","212-234-2344","2380 Adam Clayton Powell Jr Blvd New York, NY 10030 ","Restaurant/Bar","Open","Monday-Sunday 10am-6pm
","Yes","Yes","IN-HOUSE, grubhub, doordash, uber eats
",40.818162,-73.94207,,
3595,"2020-06-15T20:53:30.000Z","Malii Thai Kitchen","Restaurants/Bars","2020-05-20","Ayana H","212-289-2789","2028 2nd Ave New York, NY 10029 ","Restaurant/Bar","Open",,"Yes","Yes","in-house, grubhub, uber eats, caviar, delivery.com,
",40.789438,-73.942973,,
3596,"2020-06-15T20:53:30.000Z","Mamasushi","Restaurants/Bars","2020-05-20","Ayana H","646-682-7879","3569 Broadway New York, NY 10031 ","Restaurant/Bar","Open","Monday-Sunday 1pm-10pm
","Yes","Yes","n-house, grubhub, doordash, postmates, uber eats, get 20% off your first order and 10% off future orders when you use the mamasushi app
",40.827444,-73.950199,,
3597,"2020-06-15T20:53:30.000Z","Manhattanville Coffee","Restaurants/Bars","2020-05-20","Ayana H",,"W 142nd St & Edgecombe Ave New York, NY 10030 ","Restaurant/Bar","Open","Monday-Thursday 9am-4pm, Friday-Sunday 8am-5pm
","Yes","No","check website and/or instagram stories for updates
",40.817207,-73.935611,,
3598,"2020-06-15T20:53:30.000Z","Manna's Soul Food","Restaurants/Bars","2020-05-20","Ayana H","212-749-9084","2353 Frederick Douglass Blvd New York, NY 10027 ","Restaurant/Bar","Open","Sunday-Thursday 8am-9pm, Friday-Saturday 8am-9pm
","Yes","No",,40.811138,-73.950875,,
3599,"2020-06-15T20:53:30.000Z","Massawa","Restaurants/Bars","2020-05-20","Ayana H","212-663-0505","1239 Amsterdam Ave   New York, NY 10027 ","Restaurant/Bar","Open","Monday-Sunday 1pm-9pm
","Yes","Yes","seamless, grubhub, uber eats, postmates
",40.809698,-73.958535,,
3600,"2020-06-15T20:53:30.000Z","Maxwell's Central Park ","Restaurants/Bars","2020-05-20","Ayana H","646-657-0933","1325 5th Ave New York, NY 10029 ","Restaurant/Bar","Open","Tuesday -Friday  12pm -8 p.m., Saturday - Sunday 10 a.m.-8 p.m
","Yes","Yes","grubhub,
",40.797623,-73.948164,,
3601,"2020-06-15T20:53:30.000Z","Melba's","Restaurants/Bars","2020-05-20","Ayana H","212-864-7777","300 W 114th St New York, NY 10026 ","Restaurant/Bar","Open","Monday-Sunday 12pm-12am
","Yes","Yes","grubhub, uber eat, postmates
",40.803138,-73.956685,,
3602,"2020-06-15T20:53:30.000Z","Mess Hall Harlem","Restaurants/Bars","2020-05-20","Ayana H","646-692-3092","2194 Frederick Douglass Blvd New York, NY 10026 ","Restaurant/Bar","Open",,"Yes","Yes",,40.80584,-73.953997,,
3603,"2020-06-15T20:53:30.000Z","Mojo Mousse Bar","Restaurants/Bars","2020-05-20","Ayana H","917-331-3278","177 E 100th St New York, NY 10029 ","Restaurant/Bar","Open","Tuesday-Saturday 12-5pm, Sunday 10am-5pm
","Yes","Yes","IN-HOUSE, SWEETIST
",40.788454,-73.948722,,
3604,"2020-06-15T20:53:30.000Z","MOUNTAIN BIRd","Restaurants/Bars","2020-05-20","Ayana H","607-358-6125","2162 2nd Ave New York, NY 10029 ","Restaurant/Bar","Open","Monday 12pm -6 P.M
","Yes","Yes","seamless, now offering a new izakaya menu with el barrio flair, check for updates on instagram
",40.7938,-73.939753,,
3605,"2020-06-15T20:53:30.000Z","Naughty Crab","Restaurants/Bars","2020-05-20","Ayana H","646-726-4446","1621 Lexington Ave New York, NY 10029 ","Restaurant/Bar","Open","Thurs-Friday 5pm-9pm, Saturday-Sunday 2pm-9pm
","Yes","Yes","in house
",40.789737,-73.947864,,
3606,"2020-06-15T20:53:30.000Z","NBH Brulee","Restaurants/Bars","2020-05-20","Ayana H","646-952-4500","2620 Frederick Douglass Blvd
New York, NY 10030
","Restaurant/Bar","Open","Tuesday-Sunday 9am-3pm
","Yes","No",,40.819361,-73.944048,,
3607,"2020-06-15T20:53:30.000Z","NOCCIOLA ","Restaurants/Bars","2020-05-20","Ayana H","646-559-5304","237 E 116th St New York, NY 10029 ","Restaurant/Bar","Open","Monday-Sunday 4:30 p.m.-10 p.m.
","Yes","Yes","Receive 20% OFF on all bottles of wine & beer when you order over the phone
",40.797504,-73.938381,,
3608,"2020-06-15T20:53:30.000Z","Oso","Restaurants/Bars","2020-05-20","Ayana H","646-858-3139","1618 Amsterdam Ave New York, NY 10031 ","Restaurant/Bar","Open","Tuesday-Sunday 2pm-9pm
","Yes","Yes","in house, seamless
",40.822021,-73.950288,,
3609,"2020-06-15T20:53:30.000Z","Pabade Bakery","Restaurants/Bars","2020-05-20","Ayana H","646-490-7863","135 E 110th St New York, NY 10029 ","Restaurant/Bar","Open","Monday-Friday 8 a.m.-1 p.m.
","Yes","No","YOU CAN still order pastry box deliveries ONLINE
",40.795154,-73.944678,,
3610,"2020-06-15T20:53:30.000Z","Patisserie Des Ambassades","Restaurants/Bars","2020-05-20","Ayana H","212-066-0078","2200 Frederick Douglass Blvd New York, NY 10026 ","Restaurant/Bar","Open",,"Yes","Yes","grubhub, postmates
",40.806022,-73.953866,,
3611,"2020-06-15T20:53:30.000Z","Patsy's Pizza","Restaurants/Bars","2020-05-20","Ayana H","212-534-9783","2287 1st Avenue New York, NY 10035 ","Restaurant/Bar","Open","Monday-Saturday 11 A.m.-midnight, Sunday 11 a.m.-11 p.m.
","Yes","No",,40.797179,-73.934957,,
3612,"2020-06-15T20:53:30.000Z","Perk Kafe","Restaurants/Bars","2020-05-20","Ayana H","212-686-7375","1867 2nd Ave New York, NY 10029 ","Restaurant/Bar","Open","Monday-Friday 7:30am-3pm, Saturday-Sunday 8am-4pm
","Yes","No",,40.784572,-73.947216,,
3613,"2020-06-15T20:53:30.000Z","Pikine","Restaurants/Bars","2020-05-20","Ayana H","646-922-7015","243 W 116th St New York, NY 10026 ","Restaurant/Bar","Open","Monday-Sunday 2pm-midnight
","Yes","No",,40.804257,-73.954347,,
3614,"2020-06-15T20:53:30.000Z","Pisticci","Restaurants/Bars","2020-05-20","Ayana H","212-932-3500","125 La Salle St   New York, NY 10027 ","Restaurant/Bar","Open",,"Yes","Yes","
now back open! 10% off orders via the website
",40.814387,-73.960277,,
3615,"2020-06-15T20:53:30.000Z","PIZZA BY LUCILLE’S ","Restaurants/Bars","2020-05-20","Ayana H","646-370-4270","26c Macombs PlNew York, NY 10039","Restaurant/Bar","Open","Tuesday-Sunday 12pm-9pm
","Yes","Yes","IN-HOUSE, GRUBHUB, POSTMATES, SLICE, for pick-up orders make sure to order on their website; also offers their pizzas frozen for you to bake at home
",40.825832,-73.938819,,
3616,"2020-06-15T20:53:30.000Z","polash indian cuisine","Restaurants/Bars","2020-05-20","Ayana H","212-410-0276","2179 3rd Ave New York, NY 10035 ","Restaurant/Bar","Open","Monday- Sunday 12pm-6 p.m
","Yes","Yes","grubhub, delivery.com
",40.799593,-73.938444,,
3617,"2020-06-15T20:53:30.000Z","Ponty Bistro","Restaurants/Bars","2020-05-20","Ayana H","212-234-6475","2375 Adam Clayton Powell Jr Blvd New York, NY 10030 ","Restaurant/Bar","Open",,"Yes","Yes","Grubhub, postmates, delivey
",40.817585,-73.941523,,
3618,"2020-06-15T20:53:30.000Z","Pro Thai","Restaurants/Bars","2020-05-20","Ayana H","917-475-1494","1575 Lexington Ave New York, NY 10029 ","Restaurant/Bar","Open","Monday- Sunday 11:30am-9:30pm
","Yes","Yes","in-house, grubhub, postmates, uber eats
",40.788821,-73.948453,,
3619,"2020-06-15T20:53:30.000Z","Proof Coffee","Restaurants/Bars","2020-05-20","Ayana H","212-234-8290","2286 Adam Clayton Powell Jr Blvd New York, NY 10030 ","Restaurant/Bar","Open","Monday-Sunday 7am-3pm
","Yes","Yes","Seamless
",40.814987,-73.94434,,
3620,"2020-06-15T20:53:30.000Z","Q&N","Restaurants/Bars","2020-05-20","Ayana H","212-860-2021,","107 E 125th St","Restaurant/Bar","Open","Monday- Sunday 6 a.m.-5 p.m
","Yes","Yes","n-house delivery when you call them by phone
",40.805065,-73.93832,,
3621,"2020-06-15T20:53:30.000Z","Quechua Nostra PERUVIAN","Restaurants/Bars","2020-05-20","Ayana H","212-410-0707","1634 Lexington Ave New York, NY 10029 ","Restaurant/Bar","Open","Monday-Wednesday 11am-10pm, Thursday-Saturday 11am-11pm
","Yes","Yes","GRUBHUB, UBER EATS, POSTMATES, DOORDASH, DELIVERY.COM
",40.790587,-73.947712,,
3622,"2020-06-15T20:53:30.000Z","QUESADILLAS DOÑA MATY","Restaurants/Bars","2020-05-20","Ayana H","646-789-6237","228 E 116th St New York, NY 10029 ","Restaurant/Bar","Open","Monday-Sunday 10 a.m.-11 p.m.
","Yes","No",,40.797266,-73.939006,,
3623,"2020-06-15T20:53:30.000Z","Rai Rai Ken","Restaurants/Bars","2020-05-20","Ayana H","917-639-3342","1467 Amsterdam Ave New York, NY 10027 ","Restaurant/Bar","Open","Tuesday-Sunday 1pm-9pm
","Yes","Yes","grubhub, uber eats
",40.817109,-73.953175,,
3624,"2020-06-15T20:53:30.000Z","rancho vegano","Restaurants/Bars","2020-05-20","Ayana H","212-987-4196","2270 2nd Ave New York, NY 10035 ","Restaurant/Bar","Open","Monday-Sunday  8 A.M.-8 p.m.
","Yes","Yes",,40.797289,-73.937239,,
3625,"2020-06-15T20:53:30.000Z","Rao's","Restaurants/Bars","2020-05-20","Ayana H","212-722-6709","455 E 114th St New York, NY 10029 ","Restaurant/Bar","Open",,"Yes","No","join the waitlist for a taste of Rao’s by sending a direct message via instagram; you will be contacted if selected and then assigned a date to pick up a dinner for two of penne marinara, meatballs, leMonday chicken & salad, for $80 (cash only), Tax and gratuity included
",40.794012,-73.934212,,
3626,"2020-06-15T20:53:30.000Z","Renaissance Harlem","Restaurants/Bars","2020-05-20","Ayana H","646-838-7604","2245 Adam Clayton Powell Jr Blvd New York, NY 10027 ","Restaurant/Bar","Open","Monday-Sunday 11am-9pm
","Yes","Yes","Grubhub, Seamless, Uber Eats, Postmastes, Doordash
",40.813341,-73.94468,,
3627,"2020-06-15T20:53:30.000Z","Reverence","Restaurants/Bars","2020-05-20","Ayana H",,"2592 Frederick Douglass Blvd New York, NY 10030 ","Restaurant/Bar","Open",,,,"curated bento boxes are available for pre-order on select dates here
",40.818506,-73.944794,,
3628,"2020-06-15T20:53:30.000Z","Roland's","Restaurants/Bars","2020-05-20","Ayana H","646-682-7810","303 W 127th St New York, NY 10027 ","Restaurant/Bar","Open",,"Yes","Yes","Grubhub
",40.81203,-73.95077,,
3629,"2020-06-15T20:53:30.000Z","Ruby's Vintage","Restaurants/Bars","2020-05-20","Ayana H","646-454-9899","2340 Adam Clayton Powell Jr Blvd New York, NY 10030 ","Restaurant/Bar","Open","Monday-Sunday 4pm-10pm
","Yes","Yes","Gubhub, check out their new offerings including family meals, plus get 10% off when you place your order by calling the restaurant
",40.81694,-73.943021,,
3630,"2020-06-15T20:53:30.000Z","Safari","Restaurants/Bars","2020-05-20","Ayana H","646-964-4252","219 W 116th St New York, NY 10026 ","Restaurant/Bar","Open","Monday-Sunday 12pm-8pm
","Yes","Yes","postmates
",40.803851,-73.953414,,
3631,"2020-06-15T20:53:30.000Z","Sam's Famous Pizzeria","Restaurants/Bars","2020-05-20","Ayana H","212-348-9437","150 E 116th St New York, NY 10029 ","Restaurant/Bar","Open","Monday -Saturday 11 A.M.-9 P.M.
","Yes","Yes","Grubhub
",40.798324,-73.941637,,
3632,"2020-06-15T20:53:30.000Z","San Agustin Bakery","Restaurants/Bars","2020-05-20","Ayana H","212-996-5223","249 E 116th St New York, NY 10029 ","Restaurant/Bar","Open","Monday-Sunday 11:30 a.m.-11:30 p.m.
","Yes","No",,40.797394,-73.938027,,
3633,"2020-06-15T20:53:30.000Z","SANDY RESTAURANT","Restaurants/Bars","2020-05-20","Ayana H","212-348-8654","2261 2nd Ave New York, NY 10035 ","Restaurant/Bar","Open","Monday-Sunday 8 A.M.-9 P.M
","Yes","Yes","IN-HOUSE, GRUBHUB, UBER EATS, DOORDASH
",40.79726,-73.937937,,
3634,"2020-06-15T20:53:30.000Z","SANTIAGO’S BEER GARDEN —","Restaurants/Bars","2020-05-20","Ayana H","212-920-6165","2337 1st Avenue New York, NY 10035 ","Restaurant/Bar","Open","Monday-Sunday 11 a.m.-9 p.m
","Yes","Yes","seamless, uber eats, ez cater,
",40.798532,-73.933872,,
3635,"2020-06-15T20:53:30.000Z","Sapoara Wood-Roasting Grill & Bar","Restaurants/Bars","2020-05-20","Ayana H","212- 256-0199","2262 1st Avenue New York, NY 10035 ","Restaurant/Bar","Open","Monday, Wednesday-Saturday 12-8 p.m.
","Yes","Yes","grubhub, ez cater, free chicken soup for anyone who needs it (until supplies run out)
",40.796157,-73.934986,,
3636,"2020-06-15T20:53:30.000Z","Seasibed Vegan","Restaurants/Bars","2020-05-20","Ayana H","212-222-0092","55 St Nicholas Ave New York, NY 10026 ","Restaurant/Bar","Open","Wednesday-Friday 5pm-10pm, Saturday 1pm-10pm, Sunday 4pm-9pm
","Yes",,"(reduced hours, and may change so check instagram): uber eats, postmates
",40.800677,-73.95281,,
3637,"2020-06-15T20:53:30.000Z","Seregenti Teas & Spices","Restaurants/Bars","2020-05-20","Ayana H",,"22 E 125th St New York, NY 10035 ","Restaurant/Bar","Open","Wednesday -Saturday 12pm -4 p.m.
","Yes","Yes","in-house
",40.805779,-73.941304,,
3638,"2020-06-15T20:53:30.000Z","Settepani","Restaurants/Bars","2020-05-20","Ayana H","646-964-5855","196 Malcolm X Blvd New York, NY 10026 ","Restaurant/Bar","Open","Monday-Snday 12pm-8pm
","Yes","Yes","caviar
",40.804306,-73.947583,,
3639,"2020-06-15T20:53:30.000Z","Sidewalk Tacos","Restaurants/Bars","2020-05-20","Ayana H","6464549255/646-454-9966","2163 2nd Ave New York, NY 10029 ","Restaurant/Bar","Open","Monday- Sunday 11am-8pm
","Yes","Yes","call in advance because hours may vary
",40.794093,-73.940259,,
3640,"2020-06-15T20:53:30.000Z","Sisters Cuisine","Restaurants/Bars","2020-05-20","Ayana H","212-410-3000","47 E 124th St New York, NY 10035 ","Restaurant/Bar","Open","Tuesday- Sunday 11 a.m.-9 p.m
","Yes","Yes","POSTMATES, doordash, uber eats
",40.805079,-73.940816,,
3641,"2020-06-15T20:53:30.000Z","Sita Thai","Restaurants/Bars","2020-05-20","Ayana H","646-901-5623","3609 Broadway New York, NY 10031 ","Restaurant/Bar","Open","Monday-Sunday 12pm-11pm
","Yes","Yes","grubhub
",40.828944,-73.949066,,
3642,"2020-06-15T20:53:30.000Z","SoFridayto","Restaurants/Bars","2020-05-20","Ayana H","212-754-5999","679 Riverside Dr New York, NY 10031 ","Restaurant/Bar","Open","Tuesday-Sunday 12pm-9m
","Yes","Yes","in-house
",40.827282,-73.955282,,
3643,"2020-06-15T20:53:30.000Z","Solace Bar & Grill","Restaurants/Bars","2020-05-20","Ayana H","212-926-0166","3496 Broadway New York, NY 10031 ","Restaurant/Bar","Open","Wednesday-Sunday 4pm-8pm
","Yes","Yes","in house
",40.824797,-73.951264,,
3644,"2020-06-15T20:53:30.000Z","Sottocasa","Restaurants/Bars","2020-05-20","Ayana H","646-928-4870","227 Malcolm X Blvd   New York, NY 10027 ","Restaurant/Bar","Open","Monday-Sunday 5pm-9:30pm
","Yes","Yes","IN-HOUSE, 10 PERCENT OFF ORDERS ON THE WEBSITE & free margherita pizza when you purchase a bottle of wine
",40.805579,-73.947526,,
3645,"2020-06-15T20:53:30.000Z","Spice Hut Indian","Restaurants/Bars","2020-05-20","Ayana H","646-859-7055","2036 2nd Ave New York, NY 10029 ","Restaurant/Bar","Open",,"Yes","Yes","IN-HOUSE, grubhub, doordash, postmates, uber eats, HAD BEEN CLOSED, BUT OPEN AS OF MAY 1! 30% OFF YOUR FIRST ORDER PLACED VIA THEIR WEBSITE
",40.789675,-73.942797,,
3646,"2020-06-15T20:53:30.000Z","Sugar Hill Creamery","Restaurants/Bars","2020-05-20","Ayana H","212-634-9004","184 Malcolm X Blvd New York, NY 10026 ","Restaurant/Bar","Open","Monday-Thursday 2:30pm-10pm Friday 2:30pm-11pm Saturday 12pm-11pm, Sunday 12pm-10pm
","Yes","Yes","GRUBHUB, POSTMATES, UBER EATS, try out their ice cream subscription
",40.803968,-73.947793,,
3647,"2020-06-15T20:53:30.000Z","Sugar Mondayk Lounge","Restaurants/Bars","2020-05-20","Ayana H","917-409-0028","2292 Frederick Douglass Blvd New York, NY 10027 ","Restaurant/Bar","Open","Friday-Saturday 4pm-8pm
","Yes","Yes","in-house, doordash
",40.808918,-73.951737,,
3648,"2020-06-15T20:53:30.000Z","Super Nice Coffee & Bakery","Restaurants/Bars","2020-05-20","Ayana H","917-261-5069","156 E 117th St New York, NY 10035 ","Restaurant/Bar","Open","Tuesday - Sunday 9 a.m.-5 p.m
","Yes","Yes","POSTMATES, doordash, uber eats, add virtual tips for staff here, plus let them know if you like the idea of “bread day” here. plus now Fridaydays-Sundaydays they’re offering late-night donuts from 7-11 p.m.
",40.79903,-73.941056,"Fridaydays-Sundaydays they’re offering late-night donuts from 7-11 p.m.",
3649,"2020-06-15T20:53:30.000Z","Sweet Chef Southern Style Bakery","Restaurants/Bars","2020-05-20","Ayana H","212-862-5909","122 Hamilton Pl New York, NY 10031","Restaurant/Bar","Open","Monday-Saturday 12pm-8:30pm Sunday 12pm-7pm
","Yes","Yes","grubhub, uber eats
",40.824058,-73.949353,,
3650,"2020-06-15T20:53:30.000Z","Sylvia's Restaurant","Restaurants/Bars","2020-05-20","Ayana H","212-996-0660","328 Malcolm X Blvd New York, NY 10027 ","Restaurant/Bar","Open","Monday-Sunday 11am-8pm
","Yes","Yes","Uber Eats, postmates, doordash, check out the sylvias family package that feeds 4-5 people for $50 (family-style Fridayed or baked chicken with two sides)
",40.808588,-73.944428,,
3651,"2020-06-15T20:53:30.000Z","Taco Mix","Restaurants/Bars","2020-05-20","Ayana H","212-289-2693","234 E 116th St New York, NY 10029 ","Restaurant/Bar","Open","Monday-Sunday 1 p.m.-3 a.m.
","Yes","Yes","in-house, grubhub, POSTMATES, uber eats, 10% discount for orders placed in-house
",40.797142,-73.93876,,
3652,"2020-06-15T20:53:30.000Z","Taqueria Guadalupe ","Restaurants/Bars","2020-05-20","Ayana H","212-828-6520","1743 Lexington Ave New York, NY 10029 ","Restaurant/Bar","Open","Monday- Sunday 12pm-Midnight
","Yes","Yes","grubhub, DELIVERY.COM
",40.79372,-73.944945,,
3653,"2020-06-15T20:53:30.000Z","Taste of Seafood","Restaurants/Bars","2020-05-20","Ayana H","212-866-0275","2530 Frederick Douglass Blvd New York, NY 10030 ","Restaurant/Bar","Open","Tuesday-Friday 11am-8pm, Saturday 12pm-8pm
","Yes","Yes","Grubhub
",40.816189,-73.946424,,
3654,"2020-06-15T20:53:30.000Z","teamworkon3 juice bar","Restaurants/Bars","2020-05-20","Ayana H","646-657-0788","2007 Lexington Ave New York, NY 10035 ","Restaurant/Bar","Open","Monday-Sunday10 a.m.-10 p.m
","Yes","Yes","grubhub, uber eats
",40.802445,-73.938564,,
3655,"2020-06-15T20:53:30.000Z","Teranga","Restaurants/Bars","2020-05-20","Ayana H",,"1280 5th Ave
New York, NY 10029
","Restaurant/Bar","Open","Tuesday-Sunday 12pm-8pm
","Yes","Yes","in-house, grubhub, uber eats, caviar, doordash
",40.7963,-73.949103,,
3656,"2020-06-15T20:53:30.000Z","thai bkk","Restaurants/Bars","2020-05-20","Ayana H","212-860-2270","2021 Lexington Ave New York, NY 10035 ","Restaurant/Bar","Open",,"Yes","Yes","grubhub, postmates
",40.802815,-73.938332,,
3657,"2020-06-15T20:53:30.000Z","thai super","Restaurants/Bars","2020-05-20","Ayana H","646-559-1339","166 E 118th St New York, NY 10035 ","Restaurant/Bar","Open","Monday- Sunday 12:30-9:45 p.m
","Yes","Yes","in-house, grubhub, uber eats
",40.799377,-73.939908,,
3658,"2020-06-15T20:53:30.000Z","The Chipped Cup","Restaurants/Bars","2020-05-20","Ayana H","212-368-8881","3610 Broadway New York, NY 10031 ","Restaurant/Bar","Open","Monday-Sunday 8am-4pm
","Yes","Yes","postmates
",40.82852,-73.948515,,
3659,"2020-06-15T20:53:30.000Z","The Craftsman","Restaurants/Bars","2020-05-20","Ayana H","212-933-0602","3155 Broadway New York, NY 10027 ","Restaurant/Bar","Open","Monday-Sunday 12pm-8pm
","Yes","Yes","Grubhub, uber eats, postmates
",40.814702,-73.959456,,
3660,"2020-06-15T20:53:30.000Z","The Edge","Restaurants/Bars","2020-05-20","Ayana H","212-939-9688","131 Edgecombe Ave New York, NY 10030 ","Restaurant/Bar","Open","Monday-Saturday 11am-9pm, Sunday 12pm-4pm
","Yes","Yes","Seamless, Grubhub, Postmates
",40.821112,-73.945257,,
3661,"2020-06-15T20:53:30.000Z","The Expat","Restaurants/Bars","2020-05-20","Ayana H","646-410-2922","64 Tiemann Pl New York, NY 10027 ","Restaurant/Bar","Open","Monday-Sunday 11:30am-11pm
","Yes","Yes","in house
",40.81544,-73.960192,,
3662,"2020-06-15T20:53:30.000Z","The Garange Bar & Eatrery","Restaurants/Bars","2020-05-20","Ayana H","212-491-1635","1635 Amsterdam Ave New York, NY 10031 ","Restaurant/Bar","Open","Monday-Sunday 4pm-10pm
","Yes","Yes","brunch on Saturdayurdays and Sundaydays 12-4 p.m.: SEAMLESS, uber eats, get 10 percent off pick-up orders
",40.822412,-73.949397,,
3663,"2020-06-15T20:53:30.000Z","The Handpulled Noodle","Restaurants/Bars","2020-05-20","Ayana H","917-262-0213","3600 Broadway New York, NY 10031 ","Restaurant/Bar","Open","Sunday-Thursday 11:30am-11pm, Friday & Saturday 11:30am-midnight 
","Yes","Yes","in-house, grubhub, postmates, uber Eats
",40.828326,-73.948634,,
3664,"2020-06-15T20:53:30.000Z","The Lexington Social","Restaurants/Bars","2020-05-20","Ayana H","646-820-7013","1634 Lexington Ave New York, NY 10029 ","Restaurant/Bar","Open","Monday-Saturday 2pm-9pm
","Yes","No","grubhub, delivery.com, bottles of wine are $15 with food purchase
",40.790587,-73.947712,,
3665,"2020-06-15T20:53:30.000Z","The Rochard NYC","Restaurants/Bars","2020-05-20","Ayana H","212-722-8959","1504 Lexington Ave New York, NY 10029 ","Restaurant/Bar","Open","Wednesday-Saturday 3pm-8pm
","Yes","Yes","Grubhub
",40.786761,-73.950649,,
3666,"2020-06-15T20:53:30.000Z","Tres Leche Cafe","Restaurants/Bars","2020-05-20","Ayana H","646-559-0176","356 E 112th St New York, NY 10029 ","Restaurant/Bar","Open","Monday - Saturday 10 a.m.-3 p.m
","Yes","No",,40.793496,-73.937818,,
3667,"2020-06-15T20:53:30.000Z","Tsion Cafe","Restaurants/Bars","2020-05-20","Ayana H","212-234-2070","763 St Nicholas Ave New York, NY 1003","Restaurant/Bar","Open","Tuesday-Sunday 2pm-8pm
","Yes","Yes","in-house, GRUBHUB, offering meals for various dietary needs (call for more info)
",40.82632,-73.943487,,
3668,"2020-06-15T20:53:30.000Z","Uncle Tony's Pizza","Restaurants/Bars","2020-05-20","Ayana H","212-690-7500","1596 Amsterdam Ave New York, NY 10031 ","Restaurant/Bar","Open","Monday-Sunday 11am-10pm
","Yes","Yes","in house, grubhub, uber eats, slice
",40.821438,-73.950724,,
3669,"2020-06-15T20:53:30.000Z","Uptown Veg ","Restaurants/Bars","2020-05-20","Ayana H","212-987-2660","52 E 125th St New York, NY 10035 ","Restaurant/Bar","Open","Monday- Sunday 10 a.m.-8 p.m.
","Yes","Yes","grubhub (PREFERRED), POSTMATES, uber eats
",40.805461,-73.940583,,
3670,"2020-06-15T20:53:30.000Z","Vinateria","Restaurants/Bars","2020-05-20","Ayana H","212-662-8462","2211 Frederick Douglass Blvd New York, NY 10026 ","Restaurant/Bar","Open","Monday-Thursday 4pm-9pm, Friday 4pm-10pm, Saturday 12pm-10pm, Sunday 12pm-9pm
","Yes","Yes","in house, grubhub
",40.806649,-73.954074,,
3671,"2020-06-15T20:53:30.000Z","Wat's On Your Plate","Restaurants/Bars","2020-05-20","Ayana H","212-234-4411","513 W 145th St New York, NY 10031 ","Restaurant/Bar","Open",,"Yes","Yes","Ubereats
",40.825801,-73.94839,,
3672,"2020-06-15T20:53:30.000Z","Wat's On Your Plate II","Restaurants/Bars","2020-05-20","Ayana H","646-767-9355","641 Malcolm X Blvd New York, NY 10030 ","Restaurant/Bar","Open",,,,"grubhub, uber eats, postmates, DOORDASH
",40.818791,-73.937902,,
3673,"2020-06-15T20:53:30.000Z","Watkins Health Food Store","Restaurants/Bars","2020-05-20","Ayana H","212-831-2955","46 W 125th St New York, NY 10027 ","Restaurant/Bar","Open",,"Yes","No",,40.806889,-73.944108,,
3674,"2020-06-15T20:53:30.000Z","Yuzu Harlem","Restaurants/Bars","2020-05-20","Ayana H","646-861-3883","350 Malcolm X Blvd New York, NY 10027 ","Restaurant/Bar","Open","Monday-Wednesday 4:30pm-8pm, Thursday-Saturday 4:30pm-9pm
","Yes","Yes","ORDER PICK-UP HERE, ORDER DELIVERY HERE, ALSO AVAILABLE ON GRUBHUB, UBER EATS, DOORDASH,
",40.809322,-73.943887,,
3675,"2020-06-15T20:53:30.000Z","Harlem Fresh ","Grocery Store","2020-05-29",,"212-369-7424","10 East 125th New York, NY 10035","Grocery Store/Supermarket","Open","Monday-Sunday 7am-9pm
",,"No",,40.805949,-73.94182,,
3676,"2020-06-15T20:53:30.000Z","City Fresh Market","Grocery Store","2020-05-29",,"212-876-1500","2212 3rd Ave  New York, NY 10035","Grocery Store/Supermarket","Open",,"No","No",,40.801049,-73.938169,,
3677,"2020-06-15T20:53:30.000Z","Food Town ","Grocery Store","2020-05-29",,"917-639-3800","2211 3d Ave  New York, NY 10035","Grocery Store/Supermarket","Open","Monday-Saturday 7am-9pm, Sunday 8am-8pm
",,"Yes","DELIVERY online via Instacart, OR free delivery with an in-store minimum purchase of $50,
",40.800762,-73.937394,,"Senior Shopping Hour Daily 6:30am-7:30am"
3678,"2020-06-15T20:53:30.000Z","Fine Fare","Grocery Store","2020-05-29",,"212-410-1640","2330 1st Ave New York, NY 10035","Grocery Store/Supermarket","Open",,,"Yes","free Delivery for orders over $10 when you call
",40.798178,-73.93341,,
3679,"2020-06-15T20:53:30.000Z","Costco","Grocery Store","2020-05-29",,"212-896-5873","517 e 117th New York, NY 10035","Grocery Store/Supermarket","Open",,,"Yes","Delivery available when you order online via Instacart;
",40.795608,-73.930897,,"Tuesday, Wednesday, Thursday 8am-9am"
3680,"2020-06-15T20:53:30.000Z","Aldi","Grocery Store","2020-05-29",,"679-879-8100","517 e 117th New York, NY 10035","Grocery Store/Supermarket","Open",,,"Yes",,40.795608,-73.930897,,"Tuesdays & Thursday 8:30-9am"
3681,"2020-06-15T20:53:30.000Z","Target","Grocery Store","2020-05-29",,"212-835-0860","517 e 117th New York, NY 10035","Grocery Store/Supermarket","Open",,,"Yes","order online via the target website for mail delivery or via shipt;
",40.795608,-73.930897,,"Tuesdays & Wednesdays 8am-9am"
3682,"2020-06-15T20:53:30.000Z","Fine Fare","Grocery Store","2020-05-29",,"212-360-7608","1718 Madison Ave New York, NY 10029","Grocery Store/Supermarket","Open","Monday-Sunday 7am-10pm
",,"Yes","delivery with in-store purchase of $50, or in special cases for seniors or disabled populations
",40.798491,-73.946325,,
3683,"2020-06-15T20:53:30.000Z","Cherry Valley","Grocery Store","2020-05-29",,"212-722-8200","309 E 115th St New York, NY 10029","Grocery Store/Supermarket","Open",,,"No",,40.796273,-73.937538,,
3684,"2020-06-15T20:53:30.000Z","NYC Fresh Market","Grocery Store","2020-05-29",,"212-886-4600","1660 Madison Ave New York, NY 10029","Grocery Store/Supermarket","Open",,,"No",,40.796655,-73.947855,,
3685,"2020-06-15T20:53:30.000Z","Food Universe","Grocery Store","2020-05-29",,"212-860-2999","160 E 110th St New York, NY 10029","Grocery Store/Supermarket","Open","Monday-Sunday 7am-10pm
",,"Yes","delivery with in-store purchase of $30; in the store only 20 customers are alloWednesday in at a time
",40.794314,-73.943891,,
3686,"2020-06-15T20:53:30.000Z","Dear Mama Coffee","Grocery Store","2020-05-29",,"929-279-2225","308 East 109th St New York, NY 10029","Grocery Store/Supermarket","Open","Monday-Sunday 7am-7pm
",,"Yes","A CAFE THAT HAS PIVOTED TO NOW OFFER the dear mama market FEATURING grocery staples such as eggs, milk, fruit, pasta, alcohol, toilet paper, masks & gloves; DROP BY THE SHOP TO PICK UP OR ORDER FOR DELIVERY VIA THE WEBSITE 
",40.792214,-73.940676,,
3687,"2020-06-15T20:53:30.000Z","Farm Country","Grocery Store","2020-05-29",,"212-410-5200","2076 1st ave New York, NY 10029","Grocery Store/Supermarket","Open","Monday-Sunday 7am-10pm
",,"Yes","delivery with in-store purchase of $30
",40.790197,-73.938541,,
3688,"2020-06-15T20:53:30.000Z","City Fresh Market","Grocery Store","2020-05-29",,"212-369-8444","235 E 106th St  New York, NY 10029","Grocery Store/Supermarket","Open",,,"Yes","free delivery with no minimum when you call the store
",40.791126,-73.942905,,
3689,"2020-06-15T20:53:30.000Z","Fine Fare","Grocery Store","2020-05-29",,"212-987-8059","1891 3rd Ave New York, NY 10029","Grocery Store/Supermarket","Open",,,"No",,40.790555,-73.944963,,
3690,"2020-06-15T20:53:30.000Z","Super Fi Emporium","Grocery Store","2020-05-29",,"212-410-6733","1635 Lexington Ave New York, NY 10029","Grocery Store/Supermarket","Open","Monday-Saturday 7am-9pm, Sunday 8am-9pm
",,"Yes","delivery with in-store purchase of $50, or Delivery also available when you order online via Instacart
",40.790512,-73.947187,,
3691,"2020-06-15T20:53:30.000Z","Cherry Valley","Grocery Store","2020-05-29",,"212-369-2974","1968 2nd Ave New York, NY 10029","Grocery Store/Supermarket","Open",,,,,40.787445,-73.944291,,
3692,"2020-06-15T20:53:30.000Z","City Fresh Market","Grocery Store","2020-05-29",,"646-590-3050","125 e 116th St New York, NY 10029","Grocery Store/Supermarket","Open","24/7
",,,,40.799013,-73.941798,,
3693,"2020-06-15T20:53:30.000Z","Shop Fair Supermarket","Grocery Store","2020-05-29",,"917-409-1293","178 e 116th St New York, NY 10029","Grocery Store/Supermarket","Open","Monday-Saturday 7am-10pm, Sunday 8am-10pm
",,"Yes","DELIVERY WITH IN STORE PURCHASE
",40.797913,-73.940821,,
3694,"2020-06-15T20:53:30.000Z","Ideal Food Basket","Grocery Store","2020-05-29",,"212-410-6733","1635 Lexington Ave New York, NY 10029","Grocery Store/Supermarket","Open","Monday-Saturday 7am-8pm Sunday 8am-8pm 
",,"Yes","DELIVERY W/ IN STORE PURCHASE OF $50
",40.790512,-73.947187,,
3695,"2020-06-15T20:53:30.000Z","Dave's Marketplace ","Grocery Store","2020-05-29",,"212-289-9400","1944 1st Ave New York, NY 10029","Grocery Store/Supermarket","Open","Monday-Sunday 6am-8pm
",,,,40.786101,-73.942,,
3696,"2020-06-15T20:53:30.000Z","Midtown Fish Meat Market","Grocery Store","2020-05-29",,"212-722-7828","87 E 116th St New York, NY 10029","Grocery Store/Supermarket","Open","Monday-Sunday 7:30am-6pm
",,,,40.799846,-73.943861,,
3697,"2020-06-15T20:53:30.000Z","Fairway","Grocery Store","2020-05-29",,"718-423-2100","2328 12th Avenue New York, NY 10027","Grocery Store/Supermarket","Open",,,,"Delivery available when you order online via Instacart or via shipt
",40.819694,-73.959474,,
3698,"2020-06-15T20:53:30.000Z","Foodtown","Grocery Store","2020-05-29",,"212-368-7052","2463 Frederick Douglass Blvd New York, NY 10027","Grocery Store/Supermarket","Open","Monday-Saturday 7am-11pm Sunday 7am-10pm
",,,,40.814718,-73.948259,,
3699,"2020-06-15T20:53:30.000Z","Pioneer","Grocery Store","2020-05-29",,"212-427-4615","380 Malcolm X New York, NY 10027","Grocery Store/Supermarket","Open",,,,"delivery available for $5 with $45 order within a 5-block radius when you order at the store 212-427-4615
",40.810394,-73.943084,,
3700,"2020-06-15T20:53:30.000Z","Shop Fair","Grocery Store","2020-05-29",,"646-476-5799","2110 ADAM CLAYTON POWELL New York, NY 10027","Grocery Store/Supermarket","Open",,,,,40.809636,-73.948411,,
3701,"2020-06-15T20:53:30.000Z","C-Town","Grocery Store","2020-05-29",,"212-662-2388","560 W 125th St New York, NY 10027","Grocery Store/Supermarket","Open","Monday-Saturday 8am-7pm Sunday 8am-6pm
",,"No",,40.814869,-73.958003,,
3702,"2020-06-15T20:53:30.000Z","Key Food","Grocery Store","2020-05-29",,"212-749-0200","421 W 125th St New York, NY 10027","Grocery Store/Supermarket","Open","Monday-Saturday 7am-8pm Sunday 8am-8pm
",,,,40.812055,-73.954721,,
3703,"2020-06-15T20:53:30.000Z","Met Foods","Grocery Store","2020-05-29",,"212-662-1644","1316 Amsterdam Ave New York, NY 10027","Grocery Store/Supermarket","Open","Monday-Sunday 7am-9pm
",,"Yes","free delivery with in-store purchase
",40.812339,-73.95743,,"SPECIAL SENIOR & DISABILITY SHOPPING HOURS daily from 7-8 A.M."
3704,"2020-06-15T20:53:30.000Z","Appletree Market","Grocery Store","2020-05-29",,"212-865-8840","1225 Amsterdam Ave New York, NY 10027","Grocery Store/Supermarket","Open","24/7
",,,,40.809429,-73.958833,,
3705,"2020-06-15T20:53:30.000Z","Pioneer Supermarket","Grocery Store","2020-05-29",,"212-427-4615","380 Malcolm X New York, NY 10026","Grocery Store/Supermarket","Open",,,"Yes","DELIVERY AVAILABLE BY CALLING THE STORE FOR $5 CHARGE WITH $50 MINIMUM PURCHASE, DELIVERY RADIUS WITHIN WALKING DISTANC
",40.810394,-73.943084,,
3706,"2020-06-15T20:53:30.000Z","Best Yet Market","Grocery Store","2020-05-29",,"212-377-2300","2187 Frederick Douglass Blvd New York, NY 10026","Grocery Store/Supermarket","Open",,,"Yes","DELIVERY AVAILABLE VIA SHIPT ON THIS COVERAGE MAP, FREE DELIVERY FOR ORDERS OVER $35, AND FOR A $7 FEE FOR ORDERS UNDER $35
",40.806173,-73.954501,,
3707,"2020-06-15T20:53:30.000Z","Fine Fare","Grocery Store","2020-05-29",,"212-828-9951","136 Malcolm X New York, NY 10026","Grocery Store/Supermarket","Open","Monday-Sunday 7am-9pm
",,"Yes","DELIVERY WITH IN STORE PURCHASE OF $50
",40.802066,-73.948673,,
3708,"2020-06-15T20:53:30.000Z","C Town","Grocery Store","2020-05-29",,"212-222-1379","238 W 116th St New York, NY 10026","Grocery Store/Supermarket","Open","Monday-Sunday 7am-9pm
",,"Yes","DELIVERY WITH IN STORE PURCHASE OF $50, SENIOR & DISABILITY HOURS 7AM-8AM
",40.803687,-73.954355,,
3709,"2020-06-15T20:53:30.000Z","Fine Fare","Grocery Store","2020-05-29",,"212-222-2211","37 Malcolm X New York, NY 10026","Grocery Store/Supermarket","Open",,,,,40.79939,-73.952057,,
3710,"2020-06-15T20:53:30.000Z","Key Food","Grocery Store","2020-05-29",,,"2630 Frederick Douglass Blvd New York, NY 10030","Grocery Store/Supermarket","Open",,,"Yes","FREE DELIVERY AVAILABLE WITH $10 MINIMUM PURCHASE WHEN YOU ORDER ONLINE VIA INSTACART, GET FREE DELIVERY FOR TWO WEEKS WITH INSTACART EXPRESS (CAN CANCEL BEFORE $99 ANNUAL CHARGE)
",40.81973,-73.94378,,
3711,"2020-06-15T20:53:30.000Z","C-Town","Grocery Store","2020-05-29",,"212-491-7239","3632 Broadway New York, NY 10031","Grocery Store/Supermarket","Open",,,"No",,40.829241,-73.947884,,
3712,"2020-06-15T20:53:30.000Z","Foodtown","Grocery Store","2020-05-29",,"212-368-6464","756 St. Nicholas Ave New York, NY 10031","Grocery Store/Supermarket","Open",,,"Yes","DELIVERY AVAILABLE WHEN YOU ORDER ONLINE VIA INSTACART
",40.825874,-73.942977,,
3713,"2020-06-15T20:53:30.000Z","Keyfood","Grocery Store","2020-05-29",,"212-926-6756","3550 Broadway New York, NY 10031","Grocery Store/Supermarket","Open","Monday-Sunday 7am-7pm
",,"Yes","DELIVERY WITH IN-STORE PURCHASE, $0 MIN OR OVER THE PHONE 212-926-6756   
",40.826716,-73.949727,,
3714,"2020-06-15T20:53:30.000Z","Smart Super Value Market","Grocery Store","2020-05-29",,"212-926-0666","3461 Broaddway New York, NY 10031","Grocery Store/Supermarket","Open",,,"No",,40.824231,-73.952546,,
3715,"2020-06-15T20:53:30.000Z","Food Universe","Grocery Store","2020-05-29",,"212-234-0128","538 W 138th St New York, NY 10031","Grocery Store/Supermarket","Open",,,"Yes","DELIVERY WITH $50 ORDER WITHIN WALKING DISTANCE WHEN YOU ORDER AT THE STORE
",40.822136,-73.952962,,
3716,"2020-06-15T20:53:30.000Z","C-Town","Grocery Store","2020-05-29",,"212-234-8100","3320 Broadway New York, NY 10031","Grocery Store/Supermarket","Open",,,"No","FREE DELIVERY WITH NO MINIMUM WHEN YOU CALL THE STORE
",40.81958,-73.95496,,
3717,"2020-06-15T20:53:30.000Z","Key Food","Grocery Store","2020-05-29",,"212-926-5470","592 Malcolm X Blvd New York, NY 10037","Grocery Store/Supermarket","Open",,,"Yes","FREE DELIVERY AVAILABLE WITH $10 MINIMUM PURCHASE WHEN YOU ORDER ONLINE VIA INSTACART, GET FREE DELIVERY FOR TWO WEEKS WITH INSTACART EXPRESS (CAN CANCEL BEFORE $99 ANNUAL CHARGE)
",40.816987,-73.938273,,
3718,"2020-06-15T20:53:30.000Z","Fine Fare","Grocery Store","2020-05-29",,"212-368-0090","24  W 135th St New York, NY 10037","Grocery Store/Supermarket","Open",,,,,40.813092,-73.939201,,
3719,"2020-06-15T20:53:30.000Z","City Fresh Market","Grocery Store","2020-05-29",,"212-281-1201","448 Malcolm X Blvd New York, NY 10037","Grocery Store/Supermarket","Open",,,"Yes","FREE DELIVERY WITH A $50 MINIMUM PURCHASE; GO TO THE WEBSITE, PLACE YOUR ORDER ONLINE, AND THEN CALL THE STORE TO CONFIRM THE ORDER
",40.812359,-73.941619,,
3720,"2020-06-15T20:53:30.000Z","Pioneer Supermarket","Grocery Store","2020-05-29",,"212-862-0239","2541 Adam Clayton Powell Blvd New York, NY 10039","Grocery Store/Supermarket","Open",,,"Yes","DELIVERY AVAILABLE WITHIN WALKING DISTANCE FOR $5 WITH $50 MINIMUM PURCHASE WHEN YOU CALL THE STORE
",40.82324,-73.937397,,
3721,"2020-06-15T20:53:30.000Z","Super Foodtown","Grocery Store","2020-05-29",,"212-281-3158","300 W 145th St New York, NY 10039","Grocery Store/Supermarket","Open",,,"Yes","DELIVERY IS POSSIBLE AT SELECT LOCATIONS; SEE THIS MAP; APPLICABLE FEES VARY BY LOCATION
",40.822701,-73.942752,,
3722,"2020-06-15T20:53:30.000Z","el barrio hardware","Hardware Store","2020-05-30",,"212-860-5053","1876 3rd Ave New York, NY 10029",,"Open","Monday-Friday 10-6pm, Saturday 10-6pm
",,,,40.790101,-73.94612,,
3723,"2020-06-15T20:53:30.000Z","hakimi hardware","Hardware Store","2020-05-30",,"917-388-3592","2128 3rd ave New York, NY 10035",,"Open","Monday-Saturday 9-6:30 Sunday 10-5:30pm
",,,,40.79823,-73.940172,,
3724,"2020-06-15T20:53:30.000Z","hardware ny","Hardware Store","2020-05-30",,"212-534-3030","
2035 2ND AVE New York, NY 10029",,"Open","Monday- Saturday 10-4pm
",,,,40.78986,-73.943407,,
3725,"2020-06-15T20:53:30.000Z","j&m hardware & houseware","Hardware Store","2020-05-30",,"212-722-4243","196 E 112th St New York, NY 10029",,"Open","Monday-Saturday 9am-7pm
",,,,40.795243,-73.941769,,
3726,"2020-06-15T20:53:30.000Z","NHS Hardware","Hardware Store","2020-05-30",,"212-360-6548","2383 2nd Ave New York, NY 10035",,"Open","Monday-Friday 8am-6:30pm, Saturday 9am-6pm, Sunday 10am-5pm
",,,,40.801185,-73.935203,,
3727,"2020-06-15T20:53:30.000Z","nhs hardware","Hardware Store","2020-05-30",,"917-475-1472","2413 adam clayton powell New York,  NY 10030",,"Open","Monday-Saturday 9-6pm
",,,,40.818828,-73.940638,,
3728,"2020-06-15T20:53:30.000Z","sma garden hardware inc","Hardware Store","2020-05-30",,"212-831-2000","206E EAST 116TH New York, NY 10029",,"Open","Monday- Saturday 10-6pm
",,,,40.797542,-73.939633,,
3729,"2020-06-15T20:53:30.000Z","third ave hardware","Hardware Store","2020-05-30",,"212-289-7402","1959 3rd Avenue New York, NY 10029",,"Open","Monday-Saturday 9-6pm
",,,,40.792383,-73.943745,,
3730,"2020-06-15T20:53:30.000Z","urban garden center","Hardware Store","2020-05-30",,"646-872-3991","1640 park ave New York, NY 10035",,"Open","Monday-Friday 12pm-6pm, Offering curbside Monday-Saturday 10am-5pm
","Yes","No","CLICK HERE FOR VEGETABLE AND HERB PLANT AVAILABILITY
",40.799365,-73.943143,,
3731,"2020-06-15T20:53:30.000Z","gensis hardware & locks","Hardware Store","2020-05-30",,"212-926-5172","3447 boadway New York, NY 10031",,"Open","Monday- Saturday 9-5pm
",,,,40.823509,-73.952988,,
3732,"2020-06-15T20:53:30.000Z","hardware houseware variety","Hardware Store","2020-05-30",,"212-283-2541","272 w 154th st New York, NY 10039",,"Open","Monday-Saturday 9 A.M.-6 P.M.
",,,,40.828252,-73.937523,,
3733,"2020-06-15T20:53:30.000Z","Mega building supply","Hardware Store","2020-05-30",,"212-776-0900","201 w 145th st New York, NY 10039",,"Open","Monday-Friday 8 A.M.-7 P.M., Saturday CLOSED, Sunday 10 A.M.-3 P.M
",,,,40.821958,-73.939314,,
3734,"2020-06-15T20:53:30.000Z","mushtari hardware","Hardware Store","2020-05-30",,"212-996-5544","31 w 125th ave New York, NY 10039",,"Open","Monday-Saturday 10 A.M.-6 P.M
",,,,40.807231,-73.943448,,
3735,"2020-06-15T20:53:30.000Z","nhs hardware","Hardware Store","2020-05-30",,"212-234-1341","3405 broadway New York, NY 10031",,"Open","Monday- Saturday 9-6pm
",,,,40.822382,-73.953843,,
3736,"2020-06-15T20:53:30.000Z","sugar hill hardware","Hardware Store","2020-05-30",,"212-926-0525","529 w 145th st New York, NY 10031",,"Open","9-4pm Monday-Friday
",,,,40.826144,-73.949077,,
3737,"2020-06-15T20:53:30.000Z","true value discount llc","Hardware Store","2020-05-30",,"212-662-8783","2346 frederick douglass blvd New York, NY 10027",,"Open","Monday-Saturday 9:30 AM-6 P.M.
",,,,40.810599,-73.950511,,
3738,"2020-06-15T20:53:30.000Z","united hardware","Hardware Store","2020-05-30",,"212-666-7778","2160 frederick douglass blvd",,"Open","Monday-Friday 8 A.M.-7 P.M., Saturday & Sunday 10 A.M.-7 P.M.
","No","No",,40.804556,-73.954969,,
3739,"2020-06-15T20:53:30.000Z","2117 8th Avenue Laundromat","Laundromat, Cleaners","2020-05-30",,"212-866-4553","2117 8th Avenue New York, NY 10026",,"Open","Monday-Sunday 8:30 A.M.-4 P.M.
","No","No",,40.803521,-73.956407,,
3740,"2020-06-15T20:53:30.000Z","Baby Girl's Bubbles & Cleane","Laundromat, Cleaners","2020-05-30",,"212-662-1080","2212 Frederick Douglas  New York, NY 10026",,"Open","Monday-Sunday 6 A.M.-10 P.M,, OFFERS PICK UP/DELIVERY
","Yes","Yes",,40.806394,-73.953556,,
3741,"2020-06-15T20:53:30.000Z","Derek's Laundromat","Laundromat, Cleaners","2020-05-30",,"212-870-0001","59 St Nicholas  New York, NY 10026",,"Open","Monday-Sunday 7 A.M.-7 P.M., WASH, DRY, FOLD ONLY
","No","No","wash, dry fold only
",40.766378,-73.978999,,
3742,"2020-06-15T20:53:30.000Z","Epanema Laundry","Laundromat, Cleaners","2020-05-30",,"212-665-7409","25 Malcom X Blvd  New York, NY 10026",,"Open","Monday-Sunday 8 A.M.-4 P.M., DROP-OFF ONLY
","No","No","drop-off only
",40.79939,-73.952057,,
3743,"2020-06-15T20:53:30.000Z","Express Cleaners Inc","Laundromat, Cleaners","2020-05-30",,"212-281-3611","458 Malcom X Blvd New York, NY 10037",,"Open","MON-SAT 8 A.M -6 P.M., SUN CLOSED, OFFERS PICK UP/DELIVERY
","Yes","Yes",,40.812359,-73.941619,,
3744,"2020-06-15T20:53:30.000Z","Lee Wash & Dry Laundromat","Laundromat, Cleaners","2020-05-30",,"212-866-1109","143 w 116th st  New York, NY 10026",,"Open","Monday-Sunday 8 A.M.-9 P.M.
","No","No",,40.803046,-73.951446,,
3745,"2020-06-15T20:53:30.000Z","Miss Bubble Laundomat","Laundromat, Cleaners","2020-05-30",,"212-939-9413","3476 Broadway New York, NY 10031",,"Open","Monday- Sunday, 9-10pm
","No","No",,40.82422,-73.951602,,
3746,"2020-06-15T20:53:30.000Z","Miss Bubble Laundomat","Laundromat, Cleaners","2020-05-30",,"212-876-7600","242 W 116th street  New York, NY 10026",,"Open","Monday-Sunday 8 A.M.-10 P.M., PICKUP/DELIVERY Monday-Sunday 12 P.M.-9 P.M.
","Yes","Yes",,40.803775,-73.95455,,
3747,"2020-06-15T20:53:30.000Z","Miss Bubble Laundomat","Laundromat, Cleaners","2020-05-30",,"646-861-0273","617 Lenox Avenue New York, NY 10037",,"Open","Monday-Sunday 8 A.M.-11 P.M. (8 P.M. LAST WASH), OFFERS PICK UP/DELIVERY
","Yes","Yes",,40.817874,-73.938641,,
3748,"2020-06-15T20:53:30.000Z","Miss Bubble Laundomat","Laundromat, Cleaners","2020-05-30",,"646-484-6205","465 Malcolm X New York, NY 10037",,"Open","Monday-Sunday 8AM-10PM, OFFERS PICK UP/DELIVERY
","Yes","Yes",,40.813078,-73.94213,,
3749,"2020-06-15T20:53:30.000Z","Miss Bubble Laundomat","Laundromat, Cleaners","2020-05-30",,"212-281-0919","2096 madison Avenue New York, NY 10037",,"Open","Monday-Sunday 8 A.M.-10 P.M
","No","No",,40.810162,-73.937755,,
3750,"2020-06-15T20:53:30.000Z","Mondayarch Cleaners","Laundromat, Cleaners","2020-05-30",,"917-974-0702","3507 Broadway New York, NY 10031",,"Open","Monday-Sunday, 10-4pm
","No","No",,40.825492,-73.951802,,
3751,"2020-06-15T20:53:30.000Z","Old Broadway Laundromat","Laundromat, Cleaners","2020-05-30",,"212-876-7600","3643 Broadway Ave New York, NY 10031",,"Open","Monday- Sunday, 8am-10pm (last wash 8pm)
","No","No",,40.829968,-73.948361,,
3752,"2020-06-15T20:53:30.000Z","One Day Laundromat","Laundromat, Cleaners","2020-05-30",,"212-510-8599","3675 Broadway New York, NY 10031",,"Open","Monday- Sunday, 7-5pm
","No","No",,40.831219,-73.947542,,
3753,"2020-06-15T20:53:30.000Z","Super Plan laundromat","Laundromat, Cleaners","2020-05-30",,"212-234-8760","754A St Nicholas New York, NY 10031",,"Open","Monday-Sunday, 7-8pm
","No","No",,40.825633,-73.943145,,
3754,"2020-06-15T20:53:30.000Z","Tags Laundry Inc","Laundromat, Cleaners","2020-05-30",,"212-283-8247","1793 Amsterdam Ave New York, NY 10031",,"Open","24 hours, Monday-Sunday
","No","No",,40.82749,-73.945569,,
3755,"2020-06-15T20:53:30.000Z","Tenda 8 Laundromat","Laundromat, Cleaners","2020-05-30",,"646-912-9872","518 W 145th St New York, NY 10031",,"Open","Monday- Sunday 8-8pm
","No","No",,40.825477,-73.948946,,
3756,"2020-06-15T20:53:30.000Z","Wash & Fold Laundromat","Laundromat, Cleaners","2020-05-30",,"212-281-0919","24 E 132nd St New York, NY 10037",,"Open","Monday-Sunday 8 A.M.-10 P.M., DELIVERY/PICK UP 10:30 A.M.-8 P.M.
","Yes","Yes",,40.810162,-73.937755,,
3757,"2020-06-15T20:53:30.000Z","Atmi Junior Laundromat","Laundromat, Cleaners","2020-05-30",,"212-534-2350","158 E 102nd St New York, NY 10029",,"Open","24 hours
","No","No",,40.789351,-73.947805,,
3758,"2020-06-15T20:53:30.000Z","Bubble Pop Laundromat & Dry Cleaners","Laundromat, Cleaners","2020-05-30",,"212-388-1511","354 E 116th St New York, NY 10029",,"Open","Monday-Sunday 7:30- 8pm
","No","No",,40.795979,-73.936032,,
3759,"2020-06-15T20:53:30.000Z","Family Laundromat","Laundromat, Cleaners","2020-05-30",,"646-490-4240","301 W 141 St New York,  NY 10030",,"Open","Monday-Sunday 8-8pm, last was 6p
","No","No",,40.820526,-73.94402,,
3760,"2020-06-15T20:53:30.000Z","Harlem Spin City Laundromat","Laundromat, Cleaners","2020-05-30",,"212-427-7746","2275 3rd Avenue New York, NY 10035",,"Open","Monday-Sunday  8am -8pm, 6pm last wash
","Yes","Yes",,40.802634,-73.936186,,
3761,"2020-06-15T20:53:30.000Z","Laundry Basket of First Avenue","Laundromat, Cleaners","2020-05-30",,"212-410-9475","2295 1st Avenue New York, NY 10035",,"Open","24/7 
","No","No",,40.797525,-73.934648,,
3762,"2020-06-15T20:53:30.000Z","Laundry Works","Laundromat, Cleaners","2020-05-30",,"646-852-6918","123 W 135th St New York,  NY 10030",,"Open","Monday - Sunday 9-9pm
","Yes","Yes","pick up/delivery
",40.814835,-73.941985,,
3763,"2020-06-15T20:53:30.000Z","Miss Bubble Laundomat","Laundromat, Cleaners","2020-05-30",,"212-234-4334","545 Malcolm X New York,  NY 10030",,"Open","Monday- Sunday, 8-10pm
","Yes",,"pick up, 12-9 Monday-Sunday
",40.815881,-73.939989,,
3764,"2020-06-15T20:53:30.000Z","Miss Bubble Laundromat","Laundromat, Cleaners","2020-05-30",,"212-722-2356","1492 5th Avenue New York, NY 10035",,"Open","Monday- Sunday 8am-9pm, last wash 8pm, Delivery 4pm-9pm
","Yes","Yes",,40.803243,-73.945082,,
3765,"2020-06-15T20:53:30.000Z","Oxford Cleaners","Laundromat, Cleaners","2020-05-30",,"212-876-6638","1791 Madison ave New York, NY 10035",,"Open","Monday, Wednesday, Thurs, Saturday 8am-1pm
","No","No",,40.800975,-73.943844,,
3766,"2020-06-15T20:53:30.000Z","Soap N Suds Laundry mat","Laundromat, Cleaners","2020-05-30",,"212-348-8903","359 E 105th St New York, NY 10035",,"Open","Monday-Sunday, 7am-6pm
","No","No",,40.789183,-73.9408,,
3767,"2020-06-15T20:53:30.000Z","Soap N Suds Laundry mat","Laundromat, Cleaners","2020-05-30",,"212-348-8903","359 E 105th St New York, NY 10029",,"Open","7- 6:30pm (last wash) Monday-Sunday
","No","No",,40.789183,-73.9408,,
3768,"2020-06-15T20:53:30.000Z","Sparkle Laundry Services","Laundromat, Cleaners","2020-05-30",,"347-470-4453","1625 Lexington Ave New York, NY 10029",,"Open","Monday- Sunday 8am-8:00pm
","No","No",,40.789862,-73.947786,,
3769,"2020-06-15T20:53:30.000Z","Super King Laundromat Inc","Laundromat, Cleaners","2020-05-30",,"212-281-3538","266 W 135th St New York,  NY 10030",,"Open","Monday-Sunday, 8:30-3:30 last wash, 6pm
","No","No",,40.816,-73.946091,,
3770,"2020-06-15T20:53:30.000Z","Susdy Water Dry Cleaners","Laundromat, Cleaners","2020-05-30",,"646-692-9505","2394 Adam Clayton Powell New York,  NY 10030",,"Open","Monday-Sunday 8-8pm
","Yes","Yes","pick up/delivery Monday-Saturday 9-5p
",40.818518,-73.941912,,
3771,"2020-06-15T20:53:30.000Z","Taino Towers Dry Cleaners","Laundromat, Cleaners","2020-05-30",,"212-348-5312","2253 3rd Avenue New York, NY 10035",,"Open","Monday- Sunday, 9 -4:30pm
","No","No",,40.801779,-73.936669,,
3772,"2020-06-15T20:53:30.000Z","Three-Fiften Laundromat","Laundromat, Cleaners","2020-05-30",,"212-828-0680","1638 Madison Ave New York, NY 10029",,"Open","Monday-Sunday 8-5:30pm
","No","No",,40.795863,-73.948264,,
3773,"2020-06-15T20:53:30.000Z","VM Cleaners","Laundromat, Cleaners","2020-05-30",,"212-694-9190","160 W 142nd St New York,  NY 10030",,"Open","Monday - Sunday 8-5;30pm
","No","No",,40.819447,-73.940209,,
3774,"2020-06-15T20:53:30.000Z","139 pharmacy","Pharmacy/Drug Store","2020-05-30",,"212-283-5549","3415 broadway New York, NY 10031",,"Open","Monday-Friday 10-5:30pm Saturday 10-4pm
",,,,40.822575,-73.953704,,
3775,"2020-06-15T20:53:30.000Z","145th St Pharmacy","Pharmacy/Drug Store","2020-05-30",,"212-281-3480","300 w 145th st New York, NY 10039",,"Open","Monday-Friday 10 A.M.-7 P.M., Saturday 10 A.M.-5 P.M.
",,,,40.822701,-73.942752,,
3776,"2020-06-15T20:53:30.000Z","2000 ninos pharmacy inc","Pharmacy/Drug Store","2020-05-30",,"212-491-2910","3663 broadway  New York, NY 10031",,"Open","Monday-Friday 10-7pm Saturday 10-5pm 
",,,,40.830588,-73.948,,
3777,"2020-06-15T20:53:30.000Z","8th ave pharmacy","Pharmacy/Drug Store","2020-05-30",,"212-234-3900","2830 frederick douglass blvd New York, NY 10039",,"Open","Monday-Friday 9 A.M.-6 P.M.
",,,,40.826224,-73.939185,,
3778,"2020-06-15T20:53:30.000Z","abc drugs","Pharmacy/Drug Store","2020-05-30",,"212-491-2501","2095 madison ave New York, NY 10037",,"Open","Monday-Friday 10 A.M.-5 P.M., Saturday 10 A.M.-4 P.M.
",,,,40.809933,-73.937221,,
3779,"2020-06-15T20:53:30.000Z","Amsterdam Pharmacy","Pharmacy/Drug Store","2020-05-30",,"212-234-7959","1743 amstedam ave New York, NY 10031",,"Open","Monday-Saturday 10-6pm 
",,,,40.826005,-73.946665,,
3780,"2020-06-15T20:53:30.000Z","brother pharmacy & surgicals","Pharmacy/Drug Store","2020-05-30",,"212-281-2345","565 lenox ave New York, NY 10037",,"Open","Monday-Friday 9 A.M.-7 P.M., Saturday 10 A.M.-7 P.M.
",,,,40.816702,-73.939551,,
3781,"2020-06-15T20:53:30.000Z","Daliza Pharmacy","Pharmacy/Drug Store","2020-05-30",,"212-281-9410","5612 3481 Broadway New York, NY 10031",,"Open","Monday-Friday 10-4pm 
",,,,40.824806,-73.952195,,
3782,"2020-06-15T20:53:30.000Z","Drug Shoppe Llc","Pharmacy/Drug Store","2020-05-30",,"212-222-3652","2074 Frederick Douglass Blvd  New York, NY 10026",,"Open","Monday-Friday 9 A.M.-6 P.M., Saturday 10-4 P.M., DELIVERY TO BRONX ONLY
",,"Yes","Bronx only
",40.801961,-73.956798,,
3783,"2020-06-15T20:53:30.000Z","dunbar pharmacy","Pharmacy/Drug Store","2020-05-30",,"212-234-4493","2580 adam clayton powell New York, NY 10039",,"Open","Monday-Friday 10 A.M.-6 P.M.
",,,,40.824842,-73.937393,,
3784,"2020-06-15T20:53:30.000Z","Embassy Pharmacy","Pharmacy/Drug Store","2020-05-30",,"212-690-1331","1873 amsterdam avenue New York, NY 10031",,"Open","Monday-Friday 9-6pm Saturday 9-4pm
",,,,40.829941,-73.943894,,
3785,"2020-06-15T20:53:30.000Z","Fein's ethcal pharmacy corp","Pharmacy/Drug Store","2020-05-30",,"212-862-3315","3586 broadway New York, NY 10031",,"Open","Monday-Friday 10-7pm Saturday 10-6pm
",,,,40.827745,-73.948844,,
3786,"2020-06-15T20:53:30.000Z","Harlem community pharmacy","Pharmacy/Drug Store","2020-05-30",,"212-926-7500","67 w 137th st New York, NY 10037",,"Open","Monday-Friday 9 A.M.-6 P.M.
",,,,40.815291,-73.93916,,
3787,"2020-06-15T20:53:30.000Z","harlem rx","Pharmacy/Drug Store","2020-05-30",,"212-666-8100","102 w 116th st  New York, NY 10026",,"Open","Monday-Friday 9 A.M.-7 P.M., Saturday 9 A.M.-5 P.M.
",,,,40.801989,-73.950196,,
3788,"2020-06-15T20:53:30.000Z","Lenda Pharmacy","Pharmacy/Drug Store","2020-05-30",,"212-368-3130","3397 broadway ave New York, NY 10031",,"Open","Monday-Friday 9-4:45pm
",,,,40.821882,-73.954183,,
3789,"2020-06-15T20:53:30.000Z","lenox drug corp","Pharmacy/Drug Store","2020-05-30",,"212-281-7408","523 malcolm x blvd New York, NY 10037",,"Open","Monday-Friday 10 A.M.-8 P.M., Saturday 9 A.M.-8 P.M
",,,,40.815081,-73.940582,,
3790,"2020-06-15T20:53:30.000Z","Lenox Terrace Drug","Pharmacy/Drug Store","2020-05-30",,"212-234-2050","20 W 135th St New York, NY 10037",,"Open","Monday-Friday 8:30 A.M.-5 P.M., Saturday 9 A.M.-5 P.M., OFFERS DELIVERY
",,"Yes",,40.812989,-73.938951,,
3791,"2020-06-15T20:53:30.000Z","life pharmacy","Pharmacy/Drug Store","2020-05-30",,"212-694-5700","471 Lenox Ave",,"Open","Monday-Friday 10 A.M.-7 P.M., Saturday 10 A.M.-5 P.M.
",,,,40.813261,-73.941962,,
3792,"2020-06-15T20:53:30.000Z","Malcolm Pharmacy","Pharmacy/Drug Store","2020-05-30",,"212-722-1550","160 Malcolm X Blvd  New York, NY 10026",,"Open","Monday-Friday 9:30 A.M.-7 P.M., Saturday 10 A.M.-4 P.M.
",,,,40.803276,-73.948285,,
3793,"2020-06-15T20:53:30.000Z","Mishkin's Drug Store","Pharmacy/Drug Store","2020-05-30",,"212-926-2801","1714 Amsterdam Ave New York, NY 10031",,"Open","Monday-Friday 9-5pm Saturday 10-5pm
",,,,40.825203,-73.948,,
3794,"2020-06-15T20:53:30.000Z","Natural Essential & Wellness","Pharmacy/Drug Store","2020-05-30",,"212-222-0437","280 W 118th st  New York, NY 10026",,"Open","Monday-Friday 9 A.M.-9 P.M., Saturday 10 A.M.-6 P.M., Sunday 10 A.M.-7 P.M.
",,,,40.805383,-73.9541,,
3795,"2020-06-15T20:53:30.000Z","palace pharmacy","Pharmacy/Drug Store","2020-05-30",,"212-283-2136","543 macolm x blvd New York, NY 10037",,"Open","Monday-Friday 10 A.M.-7 P.M., Saturday 11 A.M.-5 P.M.
",,,,40.815822,-73.940033,,
3796,"2020-06-15T20:53:30.000Z","rangel pharmacy","Pharmacy/Drug Store","2020-05-30",,"212-283-7200","159-12 harlem river dr New York, NY 10039",,"Open","Monday-Friday 9 A.M.-6 P.M., Saturday 10 A.M.-4 P.M.
",,,,40.832244,-73.935747,,
3797,"2020-06-15T20:53:30.000Z","riverside pharmacy","Pharmacy/Drug Store","2020-05-30",,"212-491-5500","2920 frederick douglass blvd New York, NY 10039",,"Open","Monday-Friday 10 A.M.-7 P.M.
",,,,40.82872,-73.937259,,
3798,"2020-06-15T20:53:30.000Z","Smart Aid Pharmacy","Pharmacy/Drug Store","2020-05-30",,"212-234-4299","708 St Nicholas New York, NY 10031",,"Open","Monday-Friday 9-5pm, Saturday 10-5pm
",,,,40.824113,-73.944251,,
3799,"2020-06-15T20:53:30.000Z","Sugar Hill pharmacy","Pharmacy/Drug Store","2020-05-30",,"212-281-8300","742 st nicholas ave New York, NY 10031",,"Open","Monday-Friday 8:30-6p, Saturday 10-5pm
",,,,40.825278,-73.943464,,
3800,"2020-06-15T20:53:30.000Z","Upper Manhattan Pharmacy","Pharmacy/Drug Store","2020-05-30",,"(212) 694-6666","1728 amsterdam ave New York, NY 10031",,"Open","Monday- Friday 9-5:30pm Saturday closed
",,,,40.825731,-73.947578,,
3801,"2020-06-15T20:53:30.000Z","7th Ave Pharmacy","Pharmacy/Drug Store","2020-05-30",,"212-862-0505","2454 Adam Clayton Powell Blvd New York,  NY 10030",,"Open","hours may vary, call ahead
",,,,40.820223,-73.940613,,
3802,"2020-06-15T20:53:30.000Z","Blake Pharmacy","Pharmacy/Drug Store","2020-05-30",,"212-369-1350","1868 3rd Avenue New York, NY 10029",,"Open","Monday- fr 9-7pm Saturday 9-5pm
","No","Yes","free delivery, blister packing 
",40.789852,-73.946272,,
3803,"2020-06-15T20:53:30.000Z","Charlie Pharmacy","Pharmacy/Drug Store","2020-05-30",,"646-596-7028","2034 2nd Ave New York, NY 10029",,"Open","Monday - Friday 10-6pm 
","No","Yes","delivery
",40.789617,-73.94284,,
3804,"2020-06-15T20:53:30.000Z","Drug Stop Pharmacy","Pharmacy/Drug Store","2020-05-30",,"212-410-0509","2062 2nd Ave New York, NY 10029",,"Open","Monday - Friday 9-6:30pm Saturday 10-3pm
","No","Yes","delivery
",40.790372,-73.942299,,
3805,"2020-06-15T20:53:30.000Z","East End Pharmacy","Pharmacy/Drug Store","2020-05-30",,"212-831-1730","210 E 116th St New York, NY 10029",,"Open","Monday-Friday 10-6pm, Saturday 10-4pm
",,,,40.797501,-73.939508,,
3806,"2020-06-15T20:53:30.000Z","east harlem pharmacy","Pharmacy/Drug Store","2020-05-30",,"212-987-3600","2371 2nd ave New York, NY 10035",,"Open","Monday-Friday 9am-5pm, Saturday 10am-3pm
",,,,40.800731,-73.935387,,
3807,"2020-06-15T20:53:30.000Z","Ecogreen Pharmacy","Pharmacy/Drug Store","2020-05-30",,"212-369-3084","1600 Madison Ave New York, NY 10029",,"Open","Monday- Friday 9-6pm Saturday 10-2pm
",,,,40.794537,-73.949068,,
3808,"2020-06-15T20:53:30.000Z","Enexia Pharmacy","Pharmacy/Drug Store","2020-05-30",,"212-995-9400","200 E 125th St New York, NY 10035",,"Open","Monday-Friday 9 A.M.-8 P.M., Saturday 9 A.M.-6 P.M., Sunday 9 A.M.-4 P.M.
",,,,40.80336,-73.935623,,
3809,"2020-06-15T20:53:30.000Z","Fifth Ave Pharmacy","Pharmacy/Drug Store","2020-05-30",,"646-822-0909","1325 5th Ave New York, NY 10029",,"Open","Monday-Friday 10-6pm
",,,"call first b/c hours may vary
",40.797623,-73.948164,,
3810,"2020-06-15T20:53:30.000Z","gothman pharmacy ","Pharmacy/Drug Store","2020-05-30",,"212-289-7800","2258 3rd ave New York, NY 10035",,"Open","Monday-Friday 10am-6:30pm
",,,,40.802382,-73.937151,,
3811,"2020-06-15T20:53:30.000Z","healthcare pharmacy","Pharmacy/Drug Store","2020-05-30",,"212-369-5555","1825 madison ave New York, NY 10035",,"Open","Monday-Friday 8am-5pm
",,,,40.801429,-73.943463,,
3812,"2020-06-15T20:53:30.000Z","healthworld rx","Pharmacy/Drug Store","2020-05-30",,"646-861-0888","2310 2nd ave New York, NY 10035",,"Open","Monday-Friday 10am-5pm Saturday 10am-3pm
",,,,40.798548,-73.936268,,
3813,"2020-06-15T20:53:30.000Z","Isla Drug Stores","Pharmacy/Drug Store","2020-05-30",,"212-427-7123","1994 3rd Ave New York, NY 10029",,"Open","Monday Friday 10-4pm, Saturday closed 
",,,,40.793963,-73.943312,,
3814,"2020-06-15T20:53:30.000Z","Lex Care Pharmacy","Pharmacy/Drug Store","2020-05-30",,"212-722-5222","1570 Lexington Ave New York, NY 10029",,"Open","Monday-Friday 10-5pm
",,,,40.788644,-73.949269,,
3815,"2020-06-15T20:53:30.000Z","lexington ave pharmacy","Pharmacy/Drug Store","2020-05-30",,"212-426-5555","2056 lexington ave New York, NY 10035",,"Open","Monday-Friday 930-5pm
",,,,40.804221,-73.937762,,
3816,"2020-06-15T20:53:30.000Z","Marcia Pharmacy","Pharmacy/Drug Store","2020-05-30",,"212-534-1939","217 E 106th St New York, NY 10029",,"Open","Monday- Friday 8:30-5pm Saturday 8-4pm
",,,"delivery
",40.791557,-73.943889,,
3817,"2020-06-15T20:53:30.000Z","Maxwell Pharmacy","Pharmacy/Drug Store","2020-05-30",,"212-534-7700","1706 lexington ave New York, NY 10029",,"Open","Monday-thu 9-7pm Friday 9-5pm Sunday 10-5
",,,,40.792802,-73.946162,,
3818,"2020-06-15T20:53:30.000Z","METRORX","Pharmacy/Drug Store","2020-05-30",,"212-831-1222","300 e 102nd ave New York, NY 10029",,"Open","Monday- Friday 8-5pm, Saturday 9-5
",,,"delivery
",40.78784,-73.944096,,
3819,"2020-06-15T20:53:30.000Z","Norwood Pharmacy","Pharmacy/Drug Store","2020-05-30",,"212-234-6611","2490 Frederick Douglass Blvd New York,  NY 10030",,"Open","Monday-Friday 10-3pm Saturday closed
",,,,40.815182,-73.947116,,
3820,"2020-06-15T20:53:30.000Z","Preferred Pharmacy","Pharmacy/Drug Store","2020-05-30",,"212-722-0000","3 e 115th st New York, NY 10029",,"Open","Monday- Friday 10-7pm Saturday 10-6pm
",,,"delivery
",40.79994,-73.946526,,
3821,"2020-06-15T20:53:30.000Z","Raysol Drugs","Pharmacy/Drug Store","2020-05-30",,"212-348-2117","1870 Lexington Ave New York, NY 10029",,"Open","Monday- - Friday 9-5pm 
",,,"delivery
",40.798488,-73.94204,,
3822,"2020-06-15T20:53:30.000Z","Red Ribbon Pharmacy Inc","Pharmacy/Drug Store","2020-05-30",,"(646) 901-4699","2484 Adam Clayton Powell Jr New York,  NY 10030",,"Open","Monday-Friday 9:30-7pm Saturday 10-3pm
",,,,40.821333,-73.939741,,
3823,"2020-06-15T20:53:30.000Z","Rite Hope Pharmacy Inc","Pharmacy/Drug Store","2020-05-30",,"212-348-3341","1793 Madison Ave New York, NY 10035",,"Open","Monday- Friday 9-7pm, Saturday 10-6pm 
",,"Yes",,40.800975,-73.943844,,
3824,"2020-06-15T20:53:30.000Z","riverton pharmacy","Pharmacy/Drug Store","2020-05-30",,"212-283-8300","2085 lexington ave New York, NY 10035",,"Open","Monday- Friday 9am -6pm Saturday 10am-3pm
",,"Yes",,40.804863,-73.936853,,
3825,"2020-06-15T20:53:30.000Z","Ror Madison Pharmacy","Pharmacy/Drug Store","2020-05-30",,"212-369-0700","1636 Madison Ave New York, NY 10029",,"Open","Monday- Friday 9-5pm 
",,,,40.795863,-73.948264,,
3826,"2020-06-15T20:53:30.000Z","S B pharmacy","Pharmacy/Drug Store","2020-05-30",,"212-534-2849","27 e 124th New York, NY 10035",,"Open","Monday-Friday 10am -3pm 
",,,,40.805327,-73.941223,,
3827,"2020-06-15T20:53:30.000Z","S&J Laundromat, Tailoring","Pharmacy/Drug Store","2020-05-30",,"212-996-0400","83 110th St New York, NY 10029",,"Open","8-5:30pm Monday-Sunday
",,,"pickup/delivery after 6pm
",40.795788,-73.946306,,
3828,"2020-06-15T20:53:30.000Z","Second Ave Pharmacy","Pharmacy/Drug Store","2020-05-30",,"212-876-8300","249 E 115th St New York, NY 10029",,"Open","Monday- Saturday 10-5pm
",,,"prescription & over the counter meds only
",40.796548,-73.938499,,
3829,"2020-06-15T20:53:30.000Z","tower drugs/lexington pharmacy","Pharmacy/Drug Store","2020-05-30",,"212-369-6500","2272 3rd ave New York, NY 10035",,"Open","Monday-Friday 9-5pm
",,,,40.802838,-73.936775,,
3830,"2020-06-15T20:53:30.000Z","Upper Madison Drugs","Pharmacy/Drug Store","2020-05-30",,"212-427-4382","1590 Madison Ave New York, NY 10029",,"Open","Monday-Friday 9-5pm , 10-3pm
",,,,40.794268,-73.949636,,
3831,"2020-06-15T20:53:30.000Z","Uptown Care Pharmacy","Pharmacy/Drug Store","2020-05-30",,"212) 221-8355","2254 2nd Ave New York, NY 10029",,"Open","Monday-Friday 10-5pm
",,,,40.796643,-73.937666,,